Customer_ID,Age,Gender,Annual_Income,Spending_Score,Region,Loyalty_Status
C1000,27,Female,65197,5,East,Bronze
C1001,25,Male,119848,66,North,Silver
C1002,65,Male,44144,46,East,Gold
C1003,20,Male,26991,70,North,Platinum
C1004,21,Female,57445,2,East,Silver
C1005,38,Male,42209,5,South,Silver
C1006,62,Female,88692,44,North,Platinum
C1007,52,Female,66237,24,North,Silver
C1008,61,Female,82218,63,North,Gold
C1009,67,Female,79082,36,West,Platinum
C1010,23,Female,35344,30,West,Silver
C1011,44,Male,72401,22,East,Platinum
C1012,52,Male,20283,64,West,Gold
C1013,19,Male,93294,80,South,Gold
C1014,51,Female,84620,63,South,Silver
C1015,59,Male,55174,2,South,Silver
C1016,53,Male,45571,20,East,Gold
C1017,44,Male,56379,70,East,Gold
C1018,50,Female,34662,57,West,Platinum
C1019,57,Male,77611,28,East,Gold
C1020,36,Female,79265,14,East,Gold
C1021,60,Male,55371,55,East,Platinum
C1022,67,Male,61712,17,East,Bronze
C1023,61,Male,20527,80,West,Platinum
C1024,18,Female,47583,3,West,Bronze
C1025,42,Female,108517,8,South,Platinum
C1026,21,Male,32557,3,South,Platinum
C1027,42,Male,73930,85,East,Gold
C1028,44,Female,78658,16,North,Bronze
C1029,39,Male,30408,47,South,Platinum
C1030,56,Female,101982,74,West,Bronze
C1031,34,Female,106994,37,North,Bronze
C1032,22,Male,98915,63,South,Bronze
C1033,20,Male,58944,40,North,Silver
C1034,54,Male,112602,29,West,Bronze
C1035,54,Female,71746,51,South,Silver
C1036,35,Male,83651,29,East,Bronze
C1037,59,Male,97765,30,East,Gold
C1038,41,Male,91438,99,North,Platinum
C1039,25,Female,108339,94,South,Gold
C1040,42,Male,92933,91,West,Platinum
C1041,27,Male,71420,60,East,Bronze
C1042,46,Female,47260,39,South,Platinum
C1043,37,Male,46777,7,North,Gold
C1044,41,Male,113916,49,West,Bronze
C1045,32,Female,64445,6,North,Gold
C1046,34,Female,44587,59,East,Platinum
C1047,65,Female,35926,39,North,Platinum
C1048,62,Male,33454,48,South,Silver
C1049,58,Male,30447,65,East,Gold
C1050,30,Male,103583,64,North,Bronze
C1051,31,Female,65656,3,East,Platinum
C1052,30,Female,75507,79,South,Platinum
C1053,29,Female,75795,96,North,Bronze
C1054,37,Female,32053,71,South,Silver
C1055,57,Male,82369,16,South,Platinum
C1056,22,Female,117199,11,West,Platinum
C1057,45,Male,73089,47,West,Platinum
C1058,31,Female,90231,80,East,Gold
C1059,39,Male,53900,46,West,Bronze
C1060,55,Female,20528,92,South,Gold
C1061,65,Female,23742,76,South,Gold
C1062,43,Male,47562,41,West,Gold
C1063,20,Female,20934,92,South,Silver
C1064,57,Female,76369,17,South,Gold
C1065,61,Male,46974,41,East,Gold
C1066,21,Female,20233,8,North,Platinum
C1067,58,Male,36717,33,West,Silver
C1068,44,Male,55281,65,West,Platinum
C1069,34,Male,39655,58,East,Silver
C1070,18,Male,47980,20,South,Platinum
C1071,32,Male,53776,79,South,Bronze
C1072,46,Female,109668,15,West,Silver
C1073,65,Male,86905,81,West,Gold
C1074,23,Male,67827,94,West,Platinum
C1075,25,Female,67852,21,East,Gold
C1076,34,Female,98545,3,West,Platinum
C1077,27,Male,102625,78,North,Silver
C1078,20,Female,75901,79,South,Gold
C1079,66,Female,54962,8,North,Silver
C1080,27,Male,32205,97,East,Bronze
C1081,55,Male,81560,68,North,Silver
C1082,40,Male,103621,3,South,Gold
C1083,65,Male,38069,46,West,Silver
C1084,54,Female,96611,10,North,Gold
C1085,39,Male,65429,29,South,Gold
C1086,70,Male,33262,18,West,Gold
C1087,29,Female,95053,9,East,Bronze
C1088,19,Male,91047,30,East,Bronze
C1089,36,Male,35090,14,South,Platinum
C1090,27,Male,62731,20,West,Silver
C1091,68,Female,117015,36,South,Silver
C1092,52,Female,60758,85,North,Silver
C1093,21,Male,71842,76,West,Silver
C1094,30,Male,87176,15,West,Gold
C1095,36,Male,72968,97,South,Silver
C1096,56,Female,83988,24,West,Silver
C1097,62,Male,78891,19,East,Gold
C1098,69,Male,49845,37,West,Bronze
C1099,58,Female,27402,5,West,Gold
