Product,Region,Salesperson,Units Sold,Unit Price,Total Revenue
Pro Laptop,West,Johnson,3,1078.56,3235.68
Ultra Widget,East,Johnson,11,76.25,838.75
Basic Cable,North,Miller,158,5.01,791.58
Ultra Widget,East,Miller,26,37.93,986.18
Basic Cable,West,Jones,62,10.18,631.16
Ultra Widget,East,Jones,13,73.27,952.51
Basic Cable,North,Brown,95,13.97,1327.15
Pro Laptop,North,Smith,1,885.64,885.64
Smart Fan,South,Miller,28,148.0,4144.0
Basic Cable,East,Johnson,81,9.67,783.27
Pro Laptop,North,Brown,4,884.71,3538.84
Basic Cable,West,Brown,146,10.19,1487.74
Eco Bulb,North,Jones,37,109.6,4055.2
Basic Cable,North,Johnson,171,10.46,1788.66
Smart Fan,West,Smith,10,49.71,497.1
Eco Bulb,West,Johnson,29,21.08,611.32
Smart Fan,South,Brown,28,127.39,3566.92
Ultra Widget,North,Johnson,28,89.72,2512.16
Smart Fan,East,Johnson,41,23.29,954.89
Eco Bulb,West,Williams,44,43.26,1903.44
Basic Cable,North,Smith,133,13.91,1850.03
Basic Cable,East,Davis,132,5.61,740.52
Eco Bulb,South,Brown,34,142.85,4856.9
Basic Cable,North,Brown,193,8.13,1569.09
Eco Bulb,North,Smith,31,64.83,2009.73
Ultra Widget,East,Wilson,42,72.92,3062.64
Ultra Widget,West,Smith,44,51.68,2273.92
Eco Bulb,South,Jones,31,58.32,1807.92
Smart Fan,West,Smith,33,74.93,2472.69
Smart Fan,East,Davis,42,23.77,998.34
Eco Bulb,East,Davis,16,49.6,793.6
Pro Laptop,South,Miller,4,952.26,3809.04
Eco Bulb,North,Jones,24,100.42,2410.08
Eco Bulb,West,Davis,36,140.95,5074.2
Basic Cable,South,Brown,72,9.83,707.76
Basic Cable,West,Davis,125,9.77,1221.25
Eco Bulb,East,Davis,39,114.62,4470.18
Ultra Widget,South,Wilson,22,105.85,2328.7
Basic Cable,South,Davis,155,12.76,1977.8
Smart Fan,West,Jones,35,69.23,2423.05
Basic Cable,North,Davis,148,11.95,1768.6
Pro Laptop,West,Miller,2,1176.22,2352.44
Eco Bulb,North,Williams,26,58.2,1513.2
Pro Laptop,North,Williams,3,903.79,2711.37
Ultra Widget,South,Williams,33,51.69,1705.77
Eco Bulb,South,Jones,22,140.26,3085.72
Basic Cable,West,Williams,162,9.34,1513.08
Smart Fan,East,Miller,29,47.21,1369.09
Pro Laptop,West,Wilson,2,956.38,1912.76
Ultra Widget,South,Wilson,14,142.24,1991.36
Basic Cable,East,Wilson,156,8.24,1285.44
Ultra Widget,West,Williams,40,128.75,5150.0
Ultra Widget,East,Brown,49,107.95,5289.55
Basic Cable,East,Davis,54,11.81,637.74
Basic Cable,North,Davis,122,6.83,833.26
Pro Laptop,West,Brown,2,1177.44,2354.88
Basic Cable,East,Brown,88,12.59,1107.92
Eco Bulb,East,Johnson,29,71.21,2065.09
Ultra Widget,North,Davis,18,47.59,856.62
Pro Laptop,South,Davis,3,1064.58,3193.74
Pro Laptop,East,Miller,5,907.6,4538.0
Pro Laptop,North,Miller,3,900.39,2701.17
Smart Fan,West,Jones,15,129.97,1949.55
Ultra Widget,South,Smith,33,52.78,1741.74
Smart Fan,East,Brown,49,95.49,4679.01
Smart Fan,East,Jones,13,123.03,1599.39
Smart Fan,East,Williams,13,89.48,1163.24
Eco Bulb,South,Davis,14,81.65,1143.1
Basic Cable,North,Smith,187,10.13,1894.31
Ultra Widget,North,Smith,35,26.93,942.55
Pro Laptop,West,Brown,3,865.79,2597.37
Eco Bulb,East,Davis,46,145.99,6715.54
Smart Fan,South,Brown,40,97.46,3898.4
Ultra Widget,East,Davis,20,49.98,999.6
Smart Fan,South,Johnson,44,96.79,4258.76
Pro Laptop,North,Smith,1,936.36,936.36
Pro Laptop,North,Davis,1,969.18,969.18
Smart Fan,West,Jones,38,42.27,1606.26
Ultra Widget,East,Williams,34,77.01,2618.34
Basic Cable,North,Johnson,112,8.03,899.36
Ultra Widget,North,Williams,16,54.87,877.92
Smart Fan,North,Wilson,50,44.27,2213.5
Eco Bulb,South,Brown,24,45.03,1080.72
Pro Laptop,East,Williams,4,1041.69,4166.76
Eco Bulb,West,Miller,39,118.52,4622.28
Eco Bulb,South,Wilson,11,106.55,1172.05
Ultra Widget,East,Wilson,30,138.74,4162.2
Basic Cable,South,Miller,90,6.53,587.7
Eco Bulb,North,Williams,24,62.06,1489.44
Eco Bulb,East,Smith,36,65.23,2348.28
Ultra Widget,North,Davis,32,128.83,4122.56
Pro Laptop,East,Williams,5,1018.79,5093.95
Pro Laptop,West,Smith,2,905.09,1810.18
Eco Bulb,South,Wilson,46,40.05,1842.3
Pro Laptop,South,Johnson,3,1127.34,3382.02
Basic Cable,East,Johnson,58,14.19,823.02
Smart Fan,North,Johnson,16,86.81,1388.96
Eco Bulb,North,Johnson,42,39.17,1645.14
Basic Cable,West,Miller,200,12.57,2514.0
Basic Cable,East,Johnson,730,6.89,5029.7
Pro Laptop,South,Williams,3,939.1,2817.3
Ultra Widget,South,Johnson,18,27.99,503.82
Pro Laptop,North,Wilson,2,1057.84,2115.68
Ultra Widget,South,Miller,45,40.01,1800.45
Basic Cable,South,Jones,194,10.68,2071.92
Basic Cable,South,Miller,190,12.45,2365.5
Eco Bulb,West,Jones,22,143.86,3164.92
Basic Cable,East,Smith,147,13.16,1934.52
Smart Fan,South,Williams,11,94.44,1038.84
Ultra Widget,East,Davis,44,43.68,1921.92
Basic Cable,North,Johnson,171,13.89,2375.19
Eco Bulb,East,Williams,13,148.28,1927.64
Smart Fan,West,Smith,12,59.73,716.76
Basic Cable,East,Jones,86,7.05,606.3
Smart Fan,West,Wilson,13,91.78,1193.14
Eco Bulb,North,Davis,41,122.84,5036.44
Smart Fan,West,Williams,40,38.92,1556.8
Eco Bulb,East,Johnson,13,117.9,1532.7
Basic Cable,North,Brown,183,11.44,2093.52
Eco Bulb,West,Johnson,17,53.08,902.36
Ultra Widget,East,Williams,20,22.81,456.2
Ultra Widget,South,Johnson,32,30.18,965.76
Ultra Widget,West,Davis,48,69.83,3351.84
Pro Laptop,East,Williams,4,1107.1,4428.4
Basic Cable,South,Brown,130,6.03,783.9
Eco Bulb,West,Brown,28,43.47,1217.16
Ultra Widget,West,Davis,16,56.59,905.44
Smart Fan,North,Davis,39,63.58,2479.62
Pro Laptop,East,Smith,3,934.0,2802.0
Eco Bulb,North,Jones,47,90.26,4242.22
Pro Laptop,North,Brown,2,1011.35,2022.7
Basic Cable,West,Brown,66,6.46,426.36
Ultra Widget,East,Smith,15,72.93,1093.95
Pro Laptop,North,Smith,5,851.06,4255.3
Basic Cable,East,Johnson,158,10.39,1641.62
Pro Laptop,South,Brown,5,1171.78,5858.9
Ultra Widget,North,Williams,15,21.26,318.9
Pro Laptop,East,Williams,3,1156.92,3470.76
Smart Fan,North,Jones,45,69.93,3146.85
Eco Bulb,South,Smith,42,66.84,2807.28
Ultra Widget,East,Johnson,32,111.75,3576.0
Pro Laptop,East,Wilson,2,1155.17,2310.34
Eco Bulb,East,Johnson,37,57.15,2114.55
Basic Cable,East,Smith,186,11.1,2064.6
Smart Fan,East,Davis,36,108.28,3898.08
Ultra Widget,East,Davis,16,103.4,1654.4
Eco Bulb,South,Wilson,32,147.99,4735.68
Eco Bulb,North,Williams,43,109.5,4708.5
Basic Cable,West,Johnson,160,6.22,995.2
Eco Bulb,North,Williams,16,114.6,1833.6
Eco Bulb,West,Jones,17,62.84,1068.28
Pro Laptop,South,Davis,3,830.21,2490.63
Eco Bulb,North,Brown,40,70.59,2823.6
Basic Cable,South,Smith,178,12.05,2144.9
Pro Laptop,West,Smith,4,848.73,3394.92
Basic Cable,South,Smith,139,8.42,1170.38
Smart Fan,North,Wilson,32,21.62,691.84
Eco Bulb,South,Smith,34,101.21,3441.14
Ultra Widget,East,Wilson,29,140.39,4071.31
Ultra Widget,East,Williams,40,92.46,3698.4
Basic Cable,North,Williams,89,10.42,927.38
Eco Bulb,East,Jones,39,79.31,3093.09
Eco Bulb,East,Jones,50,144.97,7248.5
Smart Fan,South,Smith,13,142.65,1854.45
Eco Bulb,West,Williams,39,145.74,5683.86
Pro Laptop,South,Jones,1,828.18,828.18
Ultra Widget,East,Davis,41,99.13,4064.33
Pro Laptop,South,Williams,1,849.4,849.4
Basic Cable,North,Wilson,81,10.91,883.71
Eco Bulb,North,Miller,44,89.32,3930.08
Eco Bulb,East,Wilson,34,39.06,1328.04
Ultra Widget,East,Wilson,33,72.69,2398.77
Smart Fan,West,Miller,34,36.39,1237.26
Ultra Widget,North,Miller,27,20.75,560.25
Pro Laptop,East,Brown,3,816.78,2450.34
Eco Bulb,North,Brown,41,24.55,1006.55
Smart Fan,West,Johnson,41,98.55,4040.55
Basic Cable,South,Davis,179,12.2,2183.8
Smart Fan,South,Wilson,29,106.88,3099.52
Ultra Widget,West,Miller,29,57.61,1670.69
Smart Fan,West,Davis,28,109.18,3057.04
Ultra Widget,West,Jones,44,50.25,2211.0
Ultra Widget,South,Johnson,33,43.53,1436.49
Ultra Widget,West,Miller,49,122.14,5984.86
Eco Bulb,East,Davis,25,87.95,2198.75
Pro Laptop,East,Brown,3,1145.57,3436.71
Ultra Widget,North,Smith,26,81.38,2115.88
Ultra Widget,South,Davis,29,121.16,3513.64
Eco Bulb,East,Johnson,19,98.49,1871.31
Smart Fan,South,Davis,38,93.77,3563.26
Pro Laptop,East,Brown,3,1125.44,3376.32
Pro Laptop,East,Jones,4,893.78,3575.12
Eco Bulb,East,Jones,36,84.0,3024.0
Pro Laptop,East,Miller,3,879.74,2639.22
Pro Laptop,West,Wilson,2,1098.06,2196.12
Basic Cable,North,Davis,71,6.79,482.09
Ultra Widget,South,Williams,15,133.93,2008.95
Smart Fan,South,Johnson,37,109.23,4041.51
Basic Cable,South,Johnson,167,11.85,1978.95
Basic Cable,North,Johnson,1980,14.32,28353.6
Basic Cable,East,Smith,50,14.07,703.5
Pro Laptop,East,Smith,4,831.48,3325.92
Eco Bulb,West,Wilson,48,121.02,5808.96
Eco Bulb,West,Jones,10,29.39,293.9
Ultra Widget,East,Smith,38,24.73,939.74
Basic Cable,East,Johnson,180,7.26,1306.8
Basic Cable,West,Brown,98,8.8,862.4
Pro Laptop,East,Miller,2,1020.95,2041.9
Pro Laptop,East,Johnson,5,1000.43,5002.15
Eco Bulb,South,Miller,18,92.37,1662.66
Eco Bulb,West,Wilson,35,58.34,2041.9
Basic Cable,East,Johnson,60,11.34,680.4
Smart Fan,South,Miller,42,95.66,4017.72
Pro Laptop,South,Jones,4,887.54,3550.16
Ultra Widget,North,Miller,18,114.19,2055.42
Pro Laptop,East,Jones,2,1185.45,2370.9
Ultra Widget,West,Williams,16,27.93,446.88
Basic Cable,North,Jones,68,9.04,614.72
Eco Bulb,North,Smith,30,103.33,3099.9
Smart Fan,South,Johnson,32,55.15,1764.8
Ultra Widget,North,Williams,49,134.04,6567.96
Pro Laptop,North,Jones,3,931.43,2794.29
Smart Fan,North,Wilson,34,119.62,4067.08
Basic Cable,South,Brown,160,11.43,1828.8
Ultra Widget,North,Smith,17,119.13,2025.21
Smart Fan,South,Brown,50,39.08,1954.0
Pro Laptop,West,Jones,3,1155.17,3465.51
Basic Cable,North,Smith,102,5.34,544.68
Ultra Widget,North,Smith,19,107.96,2051.24
Smart Fan,West,Smith,22,96.74,2128.28
Ultra Widget,West,Davis,36,111.23,4004.28
Eco Bulb,North,Smith,28,124.56,3487.68
Ultra Widget,North,Johnson,19,130.89,2486.91
Pro Laptop,South,Davis,3,1197.04,3591.12
Eco Bulb,West,Williams,17,46.71,794.07
Ultra Widget,East,Jones,16,73.08,1169.28
Pro Laptop,South,Jones,3,1160.11,3480.33
Eco Bulb,East,Williams,27,129.59,3498.93
Smart Fan,South,Davis,43,67.81,2915.83
Eco Bulb,North,Williams,13,41.36,537.68
Pro Laptop,North,Wilson,3,1055.96,3167.88
Pro Laptop,North,Miller,1,923.41,923.41
Smart Fan,East,Brown,44,45.12,1985.28
Basic Cable,West,Jones,177,9.52,1685.04
Basic Cable,East,Smith,143,10.33,1477.19
Pro Laptop,East,Smith,1,815.49,815.49
Smart Fan,East,Johnson,13,118.97,1546.61
Eco Bulb,East,Smith,10,107.86,1078.6
Ultra Widget,West,Jones,17,50.32,855.44
Basic Cable,South,Smith,165,9.78,1613.7
Ultra Widget,East,Davis,31,57.09,1769.79
Basic Cable,West,Jones,163,7.78,1268.14
Pro Laptop,North,Miller,4,855.9,3423.6
Ultra Widget,South,Smith,46,106.92,4918.32
Eco Bulb,East,Brown,21,141.29,2967.09
Eco Bulb,South,Miller,40,39.7,1588.0
Eco Bulb,North,Williams,16,119.89,1918.24
Pro Laptop,West,Smith,4,1165.4,4661.6
Ultra Widget,South,Smith,17,141.66,2408.22
Basic Cable,West,Miller,145,12.85,1863.25
Basic Cable,West,Wilson,181,12.38,2240.78
Ultra Widget,North,Jones,38,91.8,3488.4
Ultra Widget,West,Miller,44,72.55,3192.2
Basic Cable,West,Brown,149,11.77,1753.73
Basic Cable,North,Jones,154,8.54,1315.16
Ultra Widget,West,Miller,41,88.94,3646.54
Smart Fan,East,Jones,44,136.38,6000.72
Basic Cable,East,Brown,109,6.63,722.67
Eco Bulb,West,Wilson,39,69.08,2694.12
Basic Cable,South,Miller,93,10.08,937.44
Smart Fan,East,Williams,32,43.78,1400.96
Smart Fan,West,Davis,49,33.05,1619.45
Smart Fan,South,Brown,24,120.63,2895.12
Eco Bulb,West,Williams,37,37.21,1376.77
Pro Laptop,East,Johnson,3,810.51,2431.53
Basic Cable,East,Wilson,125,7.32,915.0
Ultra Widget,West,Davis,10,89.73,897.3
Smart Fan,North,Miller,18,79.07,1423.26
Basic Cable,South,Johnson,92,14.92,1372.64
Ultra Widget,South,Davis,50,50.51,2525.5
Smart Fan,South,Smith,15,66.07,991.05
Smart Fan,East,Wilson,31,75.8,2349.8
Pro Laptop,North,Jones,3,1064.87,3194.61
Pro Laptop,West,Johnson,4,850.7,3402.8
Eco Bulb,East,Johnson,26,78.03,2028.78
Pro Laptop,West,Smith,3,978.51,2935.53
Basic Cable,South,Brown,141,5.74,809.34
Ultra Widget,East,Jones,10,29.28,292.8
Pro Laptop,East,Jones,4,1010.69,4042.76
Smart Fan,East,Miller,24,98.73,2369.52
Pro Laptop,South,Smith,2,960.07,1920.14
Smart Fan,West,Williams,16,47.23,755.68
Eco Bulb,North,Davis,13,66.78,868.14
Pro Laptop,North,Johnson,5,1191.2,5956.0
Pro Laptop,West,Smith,4,943.28,3773.12
Eco Bulb,North,Miller,39,61.13,2384.07
Pro Laptop,South,Jones,3,905.54,2716.62
Pro Laptop,North,Miller,1,1173.17,1173.17
Smart Fan,West,Smith,38,127.28,4836.64
Pro Laptop,South,Davis,30,1096.7,32901.0
Smart Fan,West,Johnson,21,114.0,2394.0
Basic Cable,South,Brown,130,5.58,725.4
Basic Cable,South,Brown,100,9.22,922.0
Pro Laptop,South,Johnson,1,1028.84,1028.84
Basic Cable,West,Wilson,106,8.25,874.5
Eco Bulb,North,Smith,16,96.83,1549.28
Eco Bulb,South,Williams,30,96.04,2881.2
Eco Bulb,South,Wilson,15,25.64,384.6
Eco Bulb,South,Brown,11,114.75,1262.25
Ultra Widget,South,Brown,40,87.96,3518.4
Basic Cable,East,Williams,164,14.34,2351.76
Pro Laptop,North,Davis,4,971.06,3884.24
Pro Laptop,East,Williams,5,998.54,4992.7
Basic Cable,East,Wilson,138,6.98,963.24
Ultra Widget,North,Johnson,35,122.42,4284.7
Basic Cable,East,Johnson,141,8.48,1195.68
Basic Cable,West,Wilson,77,6.8,523.6
Smart Fan,North,Davis,44,72.2,3176.8
Ultra Widget,North,Miller,34,144.82,4923.88
Eco Bulb,South,Miller,19,90.98,1728.62
Eco Bulb,South,Brown,36,30.84,1110.24
Pro Laptop,North,Miller,5,865.38,4326.9
Basic Cable,East,Davis,193,6.38,1231.34
Eco Bulb,West,Williams,28,104.29,2920.12
Smart Fan,North,Johnson,44,50.47,2220.68
Pro Laptop,East,Wilson,3,953.72,2861.16
Basic Cable,North,Davis,184,9.99,1838.16
Basic Cable,East,Brown,83,11.53,956.99
Smart Fan,South,Johnson,26,45.51,1183.26
Ultra Widget,East,Wilson,45,26.78,1205.1
Basic Cable,East,Jones,146,10.36,1512.56
Smart Fan,North,Davis,19,25.25,479.75
Eco Bulb,South,Johnson,43,75.37,3240.91
Eco Bulb,West,Smith,17,107.01,1819.17
Pro Laptop,East,Wilson,4,824.57,3298.28
Pro Laptop,South,Brown,1,937.88,937.88
Smart Fan,West,Williams,35,95.09,3328.15
Smart Fan,South,Wilson,49,144.75,7092.75
Smart Fan,East,Wilson,22,149.59,3290.98
Pro Laptop,East,Johnson,4,1015.69,4062.76
Basic Cable,West,Wilson,152,9.31,1415.12
Smart Fan,East,Wilson,37,117.85,4360.45
Eco Bulb,West,Johnson,23,57.74,1328.02
Smart Fan,South,Williams,38,25.55,970.9
Smart Fan,North,Wilson,31,118.83,3683.73
Eco Bulb,South,Williams,50,99.62,4981.0
Smart Fan,South,Wilson,28,141.11,3951.08
Eco Bulb,West,Jones,28,81.96,2294.88
Ultra Widget,West,Williams,36,85.04,3061.44
Pro Laptop,East,Jones,1,1021.86,1021.86
Basic Cable,West,Jones,148,11.94,1767.12
Smart Fan,East,Davis,30,27.91,837.3
Basic Cable,North,Williams,200,10.13,2026.0
Basic Cable,North,Jones,113,9.3,1050.9
Basic Cable,West,Williams,100,10.4,1040.0
Ultra Widget,North,Johnson,32,54.61,1747.52
Ultra Widget,East,Johnson,47,142.03,6675.41
Ultra Widget,East,Johnson,16,113.54,1816.64
Smart Fan,South,Wilson,22,60.21,1324.62
Eco Bulb,South,Brown,21,117.46,2466.66
Eco Bulb,West,Davis,34,102.91,3498.94
Eco Bulb,South,Miller,39,111.77,4359.03
Smart Fan,West,Brown,12,126.18,1514.16
Basic Cable,East,Johnson,135,14.53,1961.55
Ultra Widget,East,Wilson,17,146.08,2483.36
Eco Bulb,East,Miller,34,101.13,3438.42
Smart Fan,East,Johnson,49,136.92,6709.08
Smart Fan,North,Johnson,43,54.21,2331.03
Pro Laptop,West,Johnson,3,1076.05,3228.15
Basic Cable,North,Davis,86,7.06,607.16
Pro Laptop,South,Johnson,1,969.3,969.3
Smart Fan,West,Wilson,20,109.56,2191.2
Eco Bulb,North,Wilson,34,102.25,3476.5
Eco Bulb,East,Johnson,49,66.22,3244.78
Smart Fan,North,Smith,11,125.82,1384.02
Pro Laptop,South,Miller,5,1084.11,5420.55
Basic Cable,West,Jones,98,5.08,497.84
Ultra Widget,West,Smith,28,84.88,2376.64
Pro Laptop,East,Miller,4,883.06,3532.24
Eco Bulb,West,Davis,48,122.16,5863.68
Eco Bulb,South,Miller,50,52.93,2646.5
Pro Laptop,West,Brown,5,953.55,4767.75
Smart Fan,West,Johnson,39,103.75,4046.25
Eco Bulb,East,Jones,15,115.87,1738.05
Eco Bulb,West,Miller,31,149.65,4639.15
Smart Fan,West,Jones,31,63.06,1954.86
Ultra Widget,East,Brown,26,46.28,1203.28
Pro Laptop,West,Miller,4,902.48,3609.92
Smart Fan,North,Jones,16,119.79,1916.64
Pro Laptop,South,Johnson,3,1033.68,3101.04
Eco Bulb,West,Brown,45,20.96,943.2
Ultra Widget,West,Brown,25,48.63,1215.75
Basic Cable,South,Davis,171,6.12,1046.52
Smart Fan,North,Smith,50,91.36,4568.0
Smart Fan,West,Jones,20,126.01,2520.2
Eco Bulb,North,Davis,50,24.03,1201.5
Pro Laptop,South,Williams,3,801.89,2405.67
Ultra Widget,North,Miller,23,118.34,2721.82
Eco Bulb,South,Davis,44,58.47,2572.68
Smart Fan,South,Davis,360,63.2,22752.0
Eco Bulb,West,Smith,18,109.86,1977.48
Pro Laptop,North,Miller,5,975.86,4879.3
Smart Fan,North,Johnson,46,102.46,4713.16
Ultra Widget,South,Wilson,10,44.44,444.4
Basic Cable,South,Miller,151,10.99,1659.49
Ultra Widget,North,Miller,45,57.29,2578.05
Eco Bulb,West,Williams,41,93.72,3842.52
Smart Fan,East,Williams,13,28.21,366.73
Smart Fan,North,Wilson,39,68.02,2652.78
Basic Cable,South,Wilson,188,11.9,2237.2
Pro Laptop,South,Johnson,2,860.06,1720.12
Pro Laptop,West,Smith,3,875.65,2626.95
Basic Cable,South,Brown,167,5.74,958.58
Basic Cable,North,Smith,71,7.35,521.85
Smart Fan,West,Smith,36,80.59,2901.24
Basic Cable,West,Smith,183,9.58,1753.14
Pro Laptop,East,Jones,4,803.77,3215.08
Basic Cable,West,Davis,116,13.46,1561.36
Smart Fan,East,Jones,29,81.61,2366.69
Ultra Widget,North,Davis,24,104.11,2498.64
Smart Fan,North,Brown,50,126.82,6341.0
Pro Laptop,East,Smith,3,800.01,2400.03
Pro Laptop,West,Jones,1,899.07,899.07
Basic Cable,East,Brown,53,14.51,769.03
Eco Bulb,West,Wilson,26,105.76,2749.76
Ultra Widget,East,Smith,31,58.51,1813.81
Pro Laptop,West,Wilson,2,983.64,1967.28
Pro Laptop,North,Johnson,4,888.66,3554.64
Basic Cable,South,Brown,138,11.31,1560.78
Ultra Widget,North,Smith,50,75.25,3762.5
Eco Bulb,West,Jones,50,30.35,1517.5
Eco Bulb,North,Williams,46,33.09,1522.14
Pro Laptop,West,Wilson,2,827.79,1655.58
Smart Fan,North,Williams,41,34.62,1419.42
Ultra Widget,South,Brown,39,146.68,5720.52
Pro Laptop,South,Williams,5,867.8,4339.0
Basic Cable,South,Jones,156,11.52,1797.12
Ultra Widget,North,Wilson,10,33.54,335.4
Ultra Widget,West,Johnson,39,90.22,3518.58
Pro Laptop,North,Smith,2,1144.21,2288.42
Smart Fan,North,Smith,29,76.83,2228.07
Pro Laptop,East,Miller,3,1043.29,3129.87
Smart Fan,West,Williams,49,62.21,3048.29
Smart Fan,West,Johnson,23,120.4,2769.2
Eco Bulb,North,Jones,38,88.98,3381.24
Smart Fan,South,Brown,19,94.17,1789.23
Basic Cable,East,Williams,72,13.53,974.16
Eco Bulb,West,Davis,29,77.93,2259.97
Eco Bulb,North,Jones,19,82.16,1561.04
Smart Fan,South,Miller,29,90.94,2637.26
Ultra Widget,South,Wilson,26,75.26,1956.76
Ultra Widget,East,Davis,29,40.54,1175.66
Eco Bulb,East,Wilson,47,111.5,5240.5
Eco Bulb,West,Miller,36,84.04,3025.44
Eco Bulb,South,Davis,35,70.95,2483.25
Smart Fan,East,Williams,12,86.67,1040.04
Basic Cable,West,Johnson,166,12.01,1993.66
Smart Fan,North,Brown,20,88.57,1771.4
Smart Fan,North,Davis,32,141.98,4543.36
Eco Bulb,North,Wilson,50,34.24,1712.0
Basic Cable,West,Brown,169,9.69,1637.61
Smart Fan,North,Miller,35,43.66,1528.1
Eco Bulb,West,Williams,20,101.09,2021.8
Pro Laptop,East,Jones,1,1007.85,1007.85
Pro Laptop,West,Miller,5,1062.99,5314.95
Basic Cable,East,Johnson,171,9.57,1636.47
Eco Bulb,East,Wilson,43,128.1,5508.3
Smart Fan,South,Brown,47,121.11,5692.17
Eco Bulb,South,Davis,14,27.05,378.7
Eco Bulb,East,Miller,39,63.45,2474.55
Ultra Widget,North,Johnson,15,43.75,656.25
Pro Laptop,West,Brown,3,857.67,2573.01
Pro Laptop,South,Wilson,1,866.97,866.97
Basic Cable,East,Wilson,69,10.85,748.65
Smart Fan,West,Brown,50,102.84,5142.0
Smart Fan,East,Miller,15,28.01,420.15
Pro Laptop,West,Brown,2,1104.34,2208.68
Eco Bulb,West,Wilson,23,142.24,3271.52
Ultra Widget,East,Wilson,30,144.31,4329.3
Basic Cable,North,Brown,122,5.51,672.22
Basic Cable,South,Wilson,103,9.63,991.89
Ultra Widget,West,Smith,45,135.36,6091.2
Basic Cable,North,Smith,177,11.24,1989.48
Ultra Widget,West,Johnson,13,112.93,1468.09
Eco Bulb,East,Wilson,46,33.7,1550.2
Ultra Widget,West,Smith,38,139.02,5282.76
Pro Laptop,East,Johnson,4,1198.3,4793.2
Ultra Widget,North,Wilson,12,68.3,819.6
Smart Fan,South,Wilson,36,78.92,2841.12
Ultra Widget,North,Johnson,36,38.32,1379.52
Eco Bulb,North,Davis,46,28.77,1323.42
Basic Cable,South,Williams,167,11.47,1915.49
Pro Laptop,West,Davis,1,1096.15,1096.15
Smart Fan,West,Johnson,27,67.44,1820.88
Basic Cable,East,Wilson,137,11.02,1509.74
Basic Cable,South,Johnson,181,9.19,1663.39
Pro Laptop,West,Johnson,1,852.85,852.85
Basic Cable,East,Miller,117,12.69,1484.73
Basic Cable,West,Wilson,188,6.08,1143.04
Smart Fan,West,Wilson,280,135.56,37956.8
Smart Fan,West,Miller,42,146.86,6168.12
Basic Cable,North,Jones,74,14.39,1064.86
Pro Laptop,East,Wilson,1,1113.46,1113.46
Basic Cable,East,Wilson,180,7.98,1436.4
Ultra Widget,North,Brown,25,76.25,1906.25
Pro Laptop,South,Miller,2,989.74,1979.48
Smart Fan,West,Smith,29,149.36,4331.44
Basic Cable,West,Smith,166,13.71,2275.86
Pro Laptop,East,Brown,5,880.5,4402.5
Ultra Widget,North,Smith,22,115.4,2538.8
Eco Bulb,North,Smith,50,39.91,1995.5
Ultra Widget,West,Miller,18,64.47,1160.46
Ultra Widget,East,Wilson,38,126.89,4821.82
Eco Bulb,South,Williams,20,105.66,2113.2
Smart Fan,East,Williams,49,64.14,3142.86
Ultra Widget,South,Miller,18,131.27,2362.86
Eco Bulb,East,Brown,41,114.15,4680.15
Eco Bulb,West,Wilson,27,43.66,1178.82
Smart Fan,West,Smith,17,24.24,412.08
Pro Laptop,West,Williams,4,988.23,3952.92
Basic Cable,North,Brown,169,5.19,877.11
Pro Laptop,North,Williams,5,900.22,4501.1
Smart Fan,South,Brown,22,66.86,1470.92
Eco Bulb,East,Williams,49,129.13,6327.37
Smart Fan,North,Smith,37,118.84,4397.08
Eco Bulb,East,Wilson,33,75.96,2506.68
Pro Laptop,North,Smith,5,892.18,4460.9
Basic Cable,East,Miller,149,13.98,2083.02
Pro Laptop,West,Jones,4,1049.04,4196.16
Pro Laptop,West,Wilson,3,1051.55,3154.65
Ultra Widget,West,Davis,21,131.73,2766.33
Basic Cable,West,Davis,70,14.05,983.5
Eco Bulb,East,Williams,46,57.9,2663.4
Basic Cable,South,Jones,121,9.61,1162.81
Basic Cable,North,Jones,176,12.21,2148.96
Ultra Widget,North,Wilson,37,80.42,2975.54
Pro Laptop,North,Johnson,2,1190.42,2380.84
Eco Bulb,East,Davis,43,102.6,4411.8
Ultra Widget,East,Miller,30,98.6,2958.0
Eco Bulb,South,Wilson,14,135.43,1896.02
Ultra Widget,West,Johnson,21,72.44,1521.24
Smart Fan,West,Davis,39,69.8,2722.2
Basic Cable,West,Jones,60,12.65,759.0
Eco Bulb,East,Smith,35,77.88,2725.8
Ultra Widget,South,Wilson,10,107.87,1078.7
Basic Cable,South,Wilson,136,11.99,1630.64
Basic Cable,South,Johnson,145,14.21,2060.45
Ultra Widget,South,Miller,25,68.53,1713.25
Pro Laptop,West,Davis,1,1186.92,1186.92
Basic Cable,West,Williams,165,8.63,1423.95
Eco Bulb,East,Miller,37,105.43,3900.91
Smart Fan,South,Smith,25,27.15,678.75
Eco Bulb,West,Davis,24,136.82,3283.68
Basic Cable,East,Wilson,180,8.09,1456.2
Eco Bulb,West,Williams,38,97.33,3698.54
Pro Laptop,South,Williams,1,864.76,864.76
Basic Cable,North,Miller,97,9.92,962.24
Pro Laptop,North,Smith,1,907.86,907.86
Pro Laptop,South,Davis,4,1179.01,4716.04
Pro Laptop,East,Williams,3,813.6,2440.8
Eco Bulb,East,Williams,37,62.89,2326.93
Ultra Widget,West,Jones,43,53.79,2312.97
Pro Laptop,West,Johnson,2,1145.26,2290.52
Ultra Widget,West,Williams,11,48.97,538.67
Pro Laptop,South,Smith,4,1158.7,4634.8
Smart Fan,South,Wilson,28,32.06,897.68
Smart Fan,West,Miller,46,61.56,2831.76
Pro Laptop,South,Brown,2,915.49,1830.98
Ultra Widget,West,Davis,41,79.39,3254.99
Basic Cable,South,Jones,175,11.07,1937.25
Eco Bulb,East,Smith,10,36.94,369.4
Smart Fan,North,Davis,15,88.79,1331.85
Pro Laptop,West,Davis,4,858.39,3433.56
Ultra Widget,East,Wilson,36,80.57,2900.52
Pro Laptop,South,Davis,5,1191.91,5959.55
Smart Fan,East,Johnson,10,107.45,1074.5
Basic Cable,North,Williams,142,11.01,1563.42
Smart Fan,North,Miller,46,148.5,6831.0
Eco Bulb,West,Brown,29,96.35,2794.15
Pro Laptop,South,Smith,4,1081.72,4326.88
Ultra Widget,South,Miller,19,49.23,935.37
Basic Cable,East,Johnson,61,7.75,472.75
Pro Laptop,South,Smith,1,1063.35,1063.35
Smart Fan,North,Davis,40,70.61,2824.4
Basic Cable,South,Davis,135,12.24,1652.4
Basic Cable,West,Jones,50,6.59,329.5
Pro Laptop,South,Wilson,4,992.49,3969.96
Pro Laptop,South,Davis,1,1121.39,1121.39
Ultra Widget,South,Johnson,50,118.57,5928.5
Smart Fan,South,Williams,42,71.48,3002.16
Ultra Widget,South,Wilson,36,137.36,4944.96
Eco Bulb,East,Brown,37,84.96,3143.52
Pro Laptop,East,Davis,4,830.08,3320.32
Smart Fan,North,Smith,19,62.85,1194.15
Pro Laptop,South,Johnson,4,1100.9,4403.6
Smart Fan,West,Miller,18,93.3,1679.4
Pro Laptop,South,Smith,1,863.31,863.31
Pro Laptop,West,Williams,2,883.81,1767.62
Ultra Widget,South,Brown,44,136.34,5998.96
Pro Laptop,North,Williams,30,1025.62,30768.6
Basic Cable,East,Johnson,69,8.75,603.75
Eco Bulb,West,Smith,50,123.4,6170.0
Smart Fan,North,Wilson,17,116.47,1979.99
Basic Cable,South,Miller,200,6.26,1252.0
Basic Cable,East,Miller,149,12.62,1880.38
Ultra Widget,North,Wilson,45,144.73,6512.85
Eco Bulb,South,Jones,46,110.76,5094.96
Eco Bulb,South,Smith,12,52.02,624.24
Eco Bulb,South,Wilson,34,100.32,3410.88
Smart Fan,North,Smith,31,84.45,2617.95
Basic Cable,East,Brown,155,7.74,1199.7
Eco Bulb,North,Smith,38,56.6,2150.8
Pro Laptop,East,Wilson,4,939.98,3759.92
Ultra Widget,South,Davis,35,77.15,2700.25
Eco Bulb,South,Wilson,29,142.0,4118.0
Eco Bulb,South,Johnson,15,49.8,747.0
Ultra Widget,East,Brown,33,34.73,1146.09
Ultra Widget,West,Wilson,47,97.53,4583.91
Eco Bulb,West,Williams,20,39.41,788.2
Eco Bulb,South,Brown,10,145.36,1453.6
Smart Fan,East,Williams,11,79.06,869.66
Smart Fan,West,Miller,30,44.07,1322.1
Smart Fan,East,Wilson,27,139.58,3768.66
Smart Fan,East,Johnson,47,127.7,6001.9
Pro Laptop,North,Miller,5,1088.57,5442.85
Pro Laptop,East,Smith,2,1032.39,2064.78
Ultra Widget,West,Wilson,23,113.2,2603.6
Basic Cable,South,Wilson,196,14.52,2845.92
Eco Bulb,East,Brown,25,118.79,2969.75
Eco Bulb,West,Wilson,44,51.69,2274.36
Eco Bulb,North,Johnson,15,30.64,459.6
Pro Laptop,South,Smith,5,1008.26,5041.3
Basic Cable,West,Johnson,69,8.92,615.48
Pro Laptop,East,Williams,5,840.79,4203.95
Eco Bulb,West,Williams,19,127.28,2418.32
Ultra Widget,East,Davis,44,106.9,4703.6
Smart Fan,North,Jones,29,111.06,3220.74
Pro Laptop,North,Wilson,2,1137.02,2274.04
Pro Laptop,North,Davis,1,1007.4,1007.4
Pro Laptop,South,Miller,2,958.87,1917.74
Smart Fan,West,Jones,49,138.46,6784.54
Pro Laptop,West,Williams,1,933.52,933.52
Basic Cable,East,Davis,84,10.78,905.52
Basic Cable,North,Johnson,170,5.12,870.4
Ultra Widget,West,Jones,10,95.11,951.1
Ultra Widget,East,Davis,29,95.88,2780.52
Eco Bulb,North,Miller,15,87.32,1309.8
Smart Fan,North,Jones,45,39.7,1786.5
Eco Bulb,North,Johnson,37,85.46,3162.02
Smart Fan,North,Johnson,38,102.8,3906.4
Basic Cable,South,Williams,144,8.52,1226.88
Smart Fan,North,Wilson,11,54.45,598.95
Pro Laptop,East,Brown,2,871.13,1742.26
Eco Bulb,South,Wilson,30,127.52,3825.6
Ultra Widget,East,Brown,45,22.5,1012.5
Ultra Widget,West,Jones,26,24.99,649.74
Smart Fan,North,Johnson,43,83.34,3583.62
Ultra Widget,North,Brown,13,134.7,1751.1
Basic Cable,South,Davis,167,11.53,1925.51
Eco Bulb,East,Wilson,24,31.73,761.52
Basic Cable,South,Brown,133,5.56,739.48
Ultra Widget,East,Johnson,21,145.28,3050.88
Eco Bulb,East,Smith,15,149.5,2242.5
Basic Cable,East,Miller,112,5.68,636.16
Ultra Widget,South,Miller,39,86.74,3382.86
Basic Cable,West,Miller,119,5.54,659.26
Basic Cable,East,Davis,168,10.3,1730.4
Basic Cable,North,Smith,61,12.35,753.35
Basic Cable,North,Davis,172,8.68,1492.96
Basic Cable,West,Davis,115,13.09,1505.35
Ultra Widget,East,Jones,45,149.95,6747.75
Pro Laptop,North,Williams,5,849.77,4248.85
Eco Bulb,South,Jones,23,59.76,1374.48
Ultra Widget,East,Brown,19,99.39,1888.41
Eco Bulb,East,Davis,37,51.24,1895.88
Smart Fan,South,Williams,34,132.56,4507.04
Eco Bulb,East,Brown,47,35.61,1673.67
Pro Laptop,North,Davis,2,976.1,1952.2
Eco Bulb,North,Davis,15,42.52,637.8
Eco Bulb,South,Jones,37,28.36,1049.32
Smart Fan,North,Jones,44,125.41,5518.04
Smart Fan,South,Davis,35,83.04,2906.4
Eco Bulb,West,Davis,43,102.43,4404.49
Smart Fan,West,Davis,49,37.92,1858.08
Ultra Widget,West,Brown,41,46.92,1923.72
Smart Fan,South,Davis,24,136.42,3274.08
Smart Fan,North,Wilson,12,48.72,584.64
Eco Bulb,South,Miller,28,122.87,3440.36
Basic Cable,West,Brown,61,10.32,629.52
Smart Fan,North,Smith,19,47.7,906.3
Eco Bulb,East,Miller,15,129.09,1936.35
Eco Bulb,West,Wilson,40,75.32,3012.8
Smart Fan,North,Smith,34,31.37,1066.58
Smart Fan,West,Miller,28,116.05,3249.4
Ultra Widget,South,Johnson,49,126.01,6174.49
Smart Fan,South,Jones,24,119.55,2869.2
Eco Bulb,East,Jones,23,139.8,3215.4
Eco Bulb,East,Williams,34,140.76,4785.84
Ultra Widget,West,Jones,26,56.62,1472.12
Eco Bulb,East,Miller,200,100.29,20058.0
Smart Fan,North,Johnson,33,43.78,1444.74
Eco Bulb,West,Jones,30,104.89,3146.7
Ultra Widget,West,Smith,27,50.77,1370.79
Ultra Widget,South,Williams,24,61.09,1466.16
Ultra Widget,West,Johnson,41,122.94,5040.54
Eco Bulb,South,Brown,26,43.98,1143.48
Basic Cable,South,Johnson,103,7.05,726.15
Smart Fan,North,Brown,29,78.88,2287.52
Pro Laptop,South,Wilson,4,1163.89,4655.56
Smart Fan,East,Johnson,37,63.29,2341.73
Smart Fan,West,Miller,24,101.7,2440.8
Ultra Widget,South,Davis,26,22.53,585.78
Eco Bulb,East,Miller,19,78.67,1494.73
Basic Cable,South,Davis,86,12.44,1069.84
Eco Bulb,South,Smith,32,117.94,3774.08
Eco Bulb,South,Brown,40,77.02,3080.8
Eco Bulb,West,Davis,17,38.29,650.93
Pro Laptop,South,Smith,2,908.92,1817.84
Smart Fan,South,Williams,37,115.08,4257.96
Basic Cable,South,Brown,68,10.01,680.68
Smart Fan,East,Miller,18,117.28,2111.04
Smart Fan,South,Jones,24,100.77,2418.48
Basic Cable,East,Jones,80,13.81,1104.8
Basic Cable,North,Davis,129,11.57,1492.53
Ultra Widget,West,Smith,14,135.55,1897.7
Pro Laptop,East,Brown,3,895.36,2686.08
Ultra Widget,West,Davis,22,125.32,2757.04
Pro Laptop,North,Brown,1,854.58,854.58
Eco Bulb,West,Williams,14,71.33,998.62
Pro Laptop,South,Davis,1,894.03,894.03
Ultra Widget,North,Williams,14,101.95,1427.3
Ultra Widget,North,Williams,13,32.27,419.51
Ultra Widget,West,Williams,33,48.06,1585.98
Eco Bulb,East,Davis,19,51.34,975.46
Ultra Widget,South,Williams,32,122.38,3916.16
Smart Fan,North,Miller,50,104.66,5233.0
Smart Fan,West,Williams,22,79.84,1756.48
Basic Cable,East,Wilson,73,5.54,404.42
Basic Cable,East,Davis,96,12.82,1230.72
Pro Laptop,East,Smith,5,904.99,4524.95
Ultra Widget,West,Wilson,13,146.41,1903.33
Eco Bulb,East,Miller,44,142.42,6266.48
Ultra Widget,North,Smith,19,132.18,2511.42
Basic Cable,West,Davis,133,13.59,1807.47
Basic Cable,North,Wilson,196,8.15,1597.4
Pro Laptop,North,Davis,4,920.58,3682.32
Ultra Widget,East,Williams,24,147.63,3543.12
Pro Laptop,North,Johnson,2,824.46,1648.92
Pro Laptop,North,Miller,3,1121.99,3365.97
Eco Bulb,East,Johnson,37,91.47,3384.39
Eco Bulb,South,Williams,42,77.23,3243.66
Ultra Widget,West,Smith,14,75.01,1050.14
Eco Bulb,South,Smith,44,146.75,6457.0
Eco Bulb,West,Brown,38,142.69,5422.22
Smart Fan,South,Johnson,36,27.77,999.72
Basic Cable,South,Jones,198,8.58,1698.84
Eco Bulb,East,Jones,21,42.97,902.37
Eco Bulb,North,Davis,47,89.2,4192.4
Smart Fan,South,Jones,46,50.57,2326.22
Ultra Widget,East,Smith,41,124.24,5093.84
Pro Laptop,East,Williams,2,892.6,1785.2
Pro Laptop,South,Johnson,5,1163.23,5816.15
Ultra Widget,South,Williams,49,103.78,5085.22
Eco Bulb,North,Johnson,30,63.09,1892.7
Smart Fan,West,Brown,14,51.54,721.56
Ultra Widget,West,Davis,40,87.8,3512.0
Ultra Widget,North,Davis,38,105.46,4007.48
Ultra Widget,West,Jones,33,21.98,725.34
Smart Fan,South,Jones,32,72.4,2316.8
Pro Laptop,East,Smith,3,947.74,2843.22
Ultra Widget,North,Jones,14,70.25,983.5
Basic Cable,East,Brown,160,7.91,1265.6
Eco Bulb,East,Brown,46,22.29,1025.34
Pro Laptop,West,Smith,5,1111.54,5557.7
Smart Fan,South,Williams,18,91.14,1640.52
Smart Fan,East,Jones,12,41.15,493.8
Basic Cable,East,Johnson,98,11.1,1087.8
Ultra Widget,South,Jones,49,78.86,3864.14
Pro Laptop,West,Williams,2,912.4,1824.8
Ultra Widget,South,Smith,31,39.11,1212.41
Ultra Widget,West,Johnson,49,64.46,3158.54
Eco Bulb,West,Jones,33,31.71,1046.43
Basic Cable,South,Brown,141,5.43,765.63
Smart Fan,West,Smith,26,22.81,593.06
Eco Bulb,East,Miller,45,140.22,6309.9
Eco Bulb,North,Wilson,42,113.67,4774.14
Smart Fan,North,Brown,36,86.64,3119.04
Eco Bulb,West,Wilson,10,121.96,1219.6
Pro Laptop,North,Brown,4,926.03,3704.12
Smart Fan,South,Jones,26,42.11,1094.86
Smart Fan,North,Jones,34,82.56,2807.04
Smart Fan,East,Brown,43,140.23,6029.89
Basic Cable,West,Jones,197,12.33,2429.01
Basic Cable,West,Davis,142,7.06,1002.52
Basic Cable,West,Jones,117,13.33,1559.61
Smart Fan,West,Wilson,20,138.41,2768.2
Eco Bulb,North,Jones,38,127.04,4827.52
Eco Bulb,South,Smith,25,103.24,2581.0
Smart Fan,East,Jones,48,41.4,1987.2
Basic Cable,West,Jones,1440,10.32,14860.8
Smart Fan,West,Williams,19,27.79,528.01
Smart Fan,North,Smith,46,122.28,5624.88
Smart Fan,East,Smith,43,137.15,5897.45
Basic Cable,East,Davis,140,8.3,1162.0
Pro Laptop,West,Wilson,2,871.7,1743.4
Eco Bulb,South,Smith,50,118.03,5901.5
Smart Fan,South,Brown,49,36.29,1778.21
Smart Fan,West,Johnson,38,97.6,3708.8
Eco Bulb,North,Davis,28,147.09,4118.52
Pro Laptop,West,Wilson,1,1155.2,1155.2
Pro Laptop,East,Miller,1,1150.07,1150.07
Ultra Widget,South,Brown,36,72.79,2620.44
Eco Bulb,East,Johnson,38,128.16,4870.08
Smart Fan,West,Williams,11,111.55,1227.05
Ultra Widget,West,Wilson,28,39.5,1106.0
Eco Bulb,South,Wilson,34,26.15,889.1
Smart Fan,East,Johnson,20,122.48,2449.6
Ultra Widget,North,Wilson,25,77.07,1926.75
Basic Cable,West,Brown,166,5.14,853.24
Ultra Widget,South,Wilson,20,30.23,604.6
Ultra Widget,South,Johnson,16,42.77,684.32
Ultra Widget,North,Wilson,31,75.94,2354.14
Basic Cable,West,Williams,144,5.77,830.88
Ultra Widget,East,Miller,34,94.78,3222.52
Pro Laptop,North,Smith,2,1074.24,2148.48
Ultra Widget,West,Miller,37,34.88,1290.56
Ultra Widget,North,Jones,20,147.41,2948.2
Ultra Widget,North,Jones,31,43.74,1355.94
Eco Bulb,West,Smith,19,47.47,901.93
Smart Fan,East,Wilson,43,94.8,4076.4
Smart Fan,North,Smith,50,66.05,3302.5
Eco Bulb,South,Jones,25,80.21,2005.25
Smart Fan,South,Williams,40,73.2,2928.0
Basic Cable,East,Wilson,166,11.49,1907.34
Pro Laptop,North,Jones,5,1104.46,5522.3
Eco Bulb,West,Smith,32,60.99,1951.68
Pro Laptop,West,Davis,2,805.21,1610.42
Smart Fan,East,Smith,15,91.25,1368.75
Basic Cable,North,Davis,155,7.43,1151.65
Smart Fan,North,Miller,46,54.88,2524.48
Basic Cable,South,Johnson,178,5.25,934.5
Smart Fan,North,Wilson,16,43.91,702.56
Smart Fan,North,Jones,15,66.19,992.85
Smart Fan,North,Brown,17,43.31,736.27
Basic Cable,North,Jones,149,13.21,1968.29
Smart Fan,South,Smith,31,145.12,4498.72
Ultra Widget,North,Miller,13,23.16,301.08
Pro Laptop,South,Smith,1,854.08,854.08
Pro Laptop,West,Miller,1,898.86,898.86
Pro Laptop,East,Smith,1,1023.57,1023.57
Basic Cable,East,Smith,80,6.97,557.6
Ultra Widget,South,Miller,32,68.15,2180.8
Ultra Widget,West,Wilson,19,66.22,1258.18
Pro Laptop,North,Davis,1,999.43,999.43
Pro Laptop,South,Jones,5,926.18,4630.9
Basic Cable,West,Miller,67,11.16,747.72
Ultra Widget,West,Miller,21,143.44,3012.24
Ultra Widget,East,Wilson,39,67.1,2616.9
Smart Fan,East,Jones,16,37.66,602.56
Ultra Widget,West,Wilson,37,110.84,4101.08
Basic Cable,South,Miller,178,6.12,1089.36
Ultra Widget,West,Jones,10,42.17,421.7
Smart Fan,South,Williams,21,31.22,655.62
Basic Cable,South,Davis,118,5.43,640.74
Basic Cable,West,Brown,74,14.26,1055.24
Pro Laptop,North,Smith,1,903.88,903.88
Basic Cable,South,Jones,142,11.63,1651.46
Pro Laptop,West,Johnson,5,838.11,4190.55
Basic Cable,East,Brown,105,14.26,1497.3
Basic Cable,West,Williams,70,5.88,411.6
Eco Bulb,West,Wilson,38,43.24,1643.12
Basic Cable,South,Wilson,81,13.2,1069.2
Pro Laptop,South,Williams,3,902.23,2706.69
Smart Fan,North,Davis,15,134.79,2021.85
Smart Fan,East,Jones,31,123.3,3822.3
Basic Cable,North,Williams,58,7.87,456.46
Ultra Widget,South,Jones,48,149.87,7193.76
Eco Bulb,East,Smith,39,57.43,2239.77
Eco Bulb,West,Davis,19,58.55,1112.45
Basic Cable,North,Smith,54,7.82,422.28
Basic Cable,South,Wilson,183,9.44,1727.52
Pro Laptop,North,Wilson,2,1023.93,2047.86
Pro Laptop,East,Jones,4,1129.53,4518.12
Pro Laptop,East,Williams,4,1146.1,4584.4
Pro Laptop,East,Johnson,1,1028.86,1028.86
Ultra Widget,North,Miller,27,20.03,540.81
Eco Bulb,North,Johnson,23,115.7,2661.1
Smart Fan,West,Brown,17,141.45,2404.65
Pro Laptop,North,Johnson,5,1104.49,5522.45
Eco Bulb,East,Wilson,34,66.58,2263.72
Smart Fan,East,Brown,14,68.74,962.36
Smart Fan,East,Williams,47,83.92,3944.24
Ultra Widget,North,Jones,16,135.3,2164.8
Eco Bulb,North,Williams,13,119.47,1553.11
Pro Laptop,North,Davis,5,1087.76,5438.8
Smart Fan,South,Williams,33,137.23,4528.59
Ultra Widget,South,Smith,23,146.97,3380.31
Smart Fan,East,Miller,47,135.29,6358.63
Smart Fan,North,Brown,21,63.15,1326.15
Ultra Widget,West,Johnson,370,32.33,11962.1
Basic Cable,East,Davis,84,9.71,815.64
Ultra Widget,West,Miller,14,56.76,794.64
Basic Cable,South,Jones,124,7.51,931.24
Ultra Widget,West,Jones,10,116.22,1162.2
Basic Cable,North,Johnson,107,9.08,971.56
Ultra Widget,East,Davis,23,106.06,2439.38
Ultra Widget,West,Miller,41,57.54,2359.14
Smart Fan,East,Williams,48,97.52,4680.96
Pro Laptop,North,Wilson,3,1121.45,3364.35
Eco Bulb,East,Wilson,11,111.41,1225.51
Smart Fan,North,Smith,14,91.34,1278.76
Ultra Widget,North,Jones,32,90.52,2896.64
Smart Fan,South,Jones,37,72.46,2681.02
Pro Laptop,North,Johnson,4,1120.55,4482.2
Basic Cable,East,Brown,69,9.65,665.85
Smart Fan,North,Davis,47,30.94,1454.18
Eco Bulb,East,Wilson,32,127.25,4072.0
Ultra Widget,East,Smith,20,36.9,738.0
Ultra Widget,North,Miller,24,98.89,2373.36
Basic Cable,East,Miller,96,8.9,854.4
Basic Cable,South,Smith,62,10.59,656.58
Basic Cable,East,Davis,60,12.81,768.6
Eco Bulb,East,Brown,12,26.99,323.88
Smart Fan,South,Davis,50,48.58,2429.0
Basic Cable,West,Miller,88,6.23,548.24
Eco Bulb,South,Brown,41,70.12,2874.92
Smart Fan,West,Miller,37,74.98,2774.26
Smart Fan,North,Johnson,12,82.98,995.76
Pro Laptop,North,Jones,1,1031.14,1031.14
Eco Bulb,East,Smith,24,27.13,651.12
Pro Laptop,South,Wilson,5,1097.57,5487.85
Pro Laptop,South,Jones,4,867.86,3471.44
Basic Cable,East,Wilson,70,12.2,854.0
Ultra Widget,East,Davis,39,34.43,1342.77
Ultra Widget,West,Davis,29,113.9,3303.1
Ultra Widget,West,Miller,42,127.72,5364.24
Basic Cable,West,Brown,120,10.78,1293.6
Ultra Widget,West,Jones,42,89.12,3743.04
Basic Cable,North,Wilson,130,14.24,1851.2
Ultra Widget,North,Miller,20,86.34,1726.8
Pro Laptop,East,Brown,1,1092.18,1092.18
Smart Fan,South,Williams,30,50.22,1506.6
Smart Fan,North,Williams,30,28.06,841.8
Basic Cable,West,Johnson,136,13.97,1899.92
Eco Bulb,North,Johnson,44,54.55,2400.2
Smart Fan,North,Davis,40,27.11,1084.4
Ultra Widget,East,Davis,50,55.87,2793.5
Pro Laptop,North,Johnson,3,822.97,2468.91
Smart Fan,North,Williams,15,55.8,837.0
Pro Laptop,East,Miller,1,976.7,976.7
Pro Laptop,West,Jones,3,1005.08,3015.24
Eco Bulb,South,Brown,18,94.88,1707.84
Pro Laptop,West,Brown,4,1150.28,4601.12
Basic Cable,North,Brown,109,11.44,1246.96
Basic Cable,South,Jones,132,13.46,1776.72
Eco Bulb,North,Johnson,31,28.28,876.68
Ultra Widget,South,Smith,38,110.99,4217.62
Basic Cable,North,Miller,59,11.43,674.37
Basic Cable,West,Williams,74,7.46,552.04
Eco Bulb,East,Davis,24,128.11,3074.64
Basic Cable,East,Brown,72,7.98,574.56
Pro Laptop,North,Miller,3,1157.09,3471.27
Ultra Widget,East,Brown,23,46.82,1076.86
Pro Laptop,South,Wilson,1,1159.93,1159.93
Ultra Widget,East,Brown,49,44.8,2195.2
Pro Laptop,East,Davis,2,853.48,1706.96
Ultra Widget,North,Miller,40,106.25,4250.0
Basic Cable,South,Jones,108,11.66,1259.28
Eco Bulb,South,Williams,28,77.05,2157.4
Smart Fan,North,Wilson,19,137.29,2608.51
Pro Laptop,East,Johnson,5,912.22,4561.1
Basic Cable,West,Williams,122,13.93,1699.46
Smart Fan,South,Brown,40,134.04,5361.6
Pro Laptop,North,Smith,2,1079.73,2159.46
Ultra Widget,North,Williams,49,77.78,3811.22
Basic Cable,North,Brown,137,8.53,1168.61
Pro Laptop,North,Smith,5,1052.27,5261.35
Ultra Widget,North,Smith,29,55.55,1610.95
Basic Cable,West,Miller,124,10.79,1337.96
Eco Bulb,East,Miller,28,117.17,3280.76
Basic Cable,East,Brown,160,10.85,1736.0
Ultra Widget,East,Smith,17,129.97,2209.49
Basic Cable,South,Smith,180,5.28,950.4
Smart Fan,North,Williams,36,64.67,2328.12
Ultra Widget,West,Smith,43,129.87,5584.41
Eco Bulb,North,Miller,19,135.0,2565.0
Eco Bulb,North,Brown,32,70.04,2241.28
Eco Bulb,South,Brown,24,26.19,628.56
Pro Laptop,West,Wilson,5,844.82,4224.1
Smart Fan,South,Brown,38,132.53,5036.14
Ultra Widget,North,Brown,26,149.41,3884.66
Smart Fan,West,Jones,17,108.92,1851.64
Pro Laptop,South,Smith,1,836.31,836.31
Eco Bulb,North,Miller,35,89.85,3144.75
Ultra Widget,South,Smith,35,133.77,4681.95
Ultra Widget,East,Davis,10,133.88,1338.8
Ultra Widget,North,Brown,50,148.79,7439.5
Smart Fan,East,Wilson,34,21.04,715.36
Basic Cable,West,Johnson,163,5.95,969.85
Ultra Widget,West,Johnson,280,21.03,5888.4
