Normal,Right_Skew,Left_Skew,Mesokurtic,Leptokurtic,Platykurtic
84.11928516396334,95.73564400362974,109.68988367500131,0.7431552375586807,1.1815873625075213,0.8755979319746642
88.76079524871531,83.05017488306277,103.54605974068343,-0.22638462034668902,0.34633176316140835,-0.46011727284553167
124.77092666505666,135.74701377309393,91.47326606826255,0.06434830665826274,-0.2651508913738573,-1.3858864951888774
100.19148632790186,139.8673792415309,88.51040080891366,0.03346732357956531,0.39742426198777026,0.6254578236640513
71.28978976603493,83.2400267654887,103.34081294782749,0.7601156559978988,-0.15283926503615997,-0.5792573335859414
109.440399124213,100.22656688162722,106.70940062782049,-0.11479245415228054,0.7195295217326722,-0.024331718318764416
66.66581346918574,85.36671015387935,72.9447132947735,-0.4991194282690932,2.2606567279429886,-0.2726993801643879
102.14391788108121,100.67021704272108,115.4823673951566,1.2957636810533326,-0.7592782710598058,-0.7886930981982913
124.42991879010911,85.30703564191178,118.92782628946802,-0.5363969401063936,-1.012009363947972,-0.8612649770094309
94.45894336188539,99.7219911353543,91.69121930435965,0.15641727072091532,-1.0909565829642656,-1.232963985725137
108.86942244439935,79.30076307031544,90.5845243204555,-1.0529639274974731,-0.01575456551592172,-0.7493162434658616
89.63919664559813,111.37376750340479,91.49379621988633,-0.20423954672027814,-0.48700566631987524,1.4169068043421362
88.69861043461707,106.58013718235824,98.30960284807819,2.277313885461194,-1.2756736300816756,-0.18078067471336767
91.30261410595418,77.52416006907391,89.11497146924677,-0.4729764632059834,-0.4785891446257698,-1.6359804750913445
99.11018232449892,96.0529200433156,103.61869397747085,1.4925075797336402,-0.5686253477611033,-0.6676565160502577
87.7807583077632,110.01639672061879,96.2194815960585,-1.1177382050168003,0.45335500064725737,-0.477266880723003
74.85690494820554,98.90223913856427,102.25839294282748,-1.148392217715933,-0.5724334259444492,0.7136999312254472
95.07348137857846,95.68830271244391,85.39517875872579,-0.6305134622453173,0.007448712255028702,0.5897240317021204
99.09003804249248,92.45747850803734,111.70965186117087,1.1480326300474903,-0.16014389965291592,-0.9640876340570473
81.02222103547162,94.89122641568169,84.92817051991388,-0.7619259381706946,0.36683704357228514,1.0467028169143118
99.61179297299985,98.38972026672512,93.38908641471154,-1.1495407203607344,0.43545406959913313,-1.348512272466962
75.31134877554089,82.29080956210005,112.35967676633096,-0.72916320654761,0.0317654541612315,-1.596492654130735
89.0288432965454,93.84786149506684,115.66765376544444,0.5775852783171409,-1.0196724758414943,-1.3851149842403656
93.17363294385221,82.20590429402299,93.33198946526971,-1.6435877434758739,0.05969725302897404,1.6910902249389672
89.9696983381524,109.79530752835704,101.04439962894143,1.4856213550376822,0.553838420074333,-0.6396740540857787
110.0406851179037,108.10117492660711,113.19591954774457,0.5534283824230684,2.0223970563967733,-1.6864639691982122
63.546449500191265,81.16377099994571,118.80510948891076,-1.2203767034036148,-0.1051222793643406,-0.08633021735815864
109.55078128399734,84.49628983935136,108.63792323737032,0.19051552261825175,-0.6599345230795436,0.12406193680133303
86.24671309371067,106.3194861587785,109.45467457785594,-0.06261712004273232,-1.6360867950425952,-0.5803088293200729
76.682779860332,88.25974971105805,115.74650797501428,0.04902657997903755,-0.2685061352392935,-1.540295597529897
103.19284201250656,94.50351753613684,83.92756999659355,1.0981013625054306,0.7452733791404872,0.23229624064202847
98.23180703446342,86.16468152641565,118.15559680298088,1.827151641264697,-0.07282347973113358,1.542609198486514
87.40884313011217,107.33095796688019,110.74430055214488,-1.32165438524991,0.1903764309117202,-0.20952064209032573
126.534467440015,103.10967911846276,116.04809954600103,0.12307423801977446,0.5939037374309699,1.4522970424798756
96.40680757741872,115.80726143275001,113.76468474784534,-1.0677018205831699,-0.15060215592998924,1.2590725116517567
89.73873146185895,103.88176852573632,89.51717267393286,0.42970275114352235,0.09530954465166284,0.4029562676818599
80.30422112846526,101.06502949251215,111.84090307679959,0.26133325739048735,-0.1428707393868043,0.2900858583872355
93.54379695380621,134.8818748539761,108.77888034798119,0.22808811042308647,-0.3581835056088309,-0.13480160855196055
95.25783075301457,95.64482849559603,74.76279046432411,-1.5533871119891858,0.07155691292110518,0.8655121086095403
86.31169325993969,108.18575855861597,102.42993194839447,-0.982107614351798,-0.743918580199502,-0.5282202905516702
81.93983677147473,122.82733807205273,98.23424736027688,0.38375256634951865,-0.7392346448544396,-1.1397315695162127
92.98266130505372,114.26567225129297,117.22047102199848,-0.7677023144158002,-1.1194996043676173,-0.2808052382418229
95.87547509856599,82.98624978541616,84.94979521716462,-0.22966688175326103,2.8012476865764473,0.9546822639584298
100.11158442006301,89.76696423379607,104.11748835780453,1.2198108185486127,0.2970328709175146,-0.6826362320785508
96.74620453619018,102.44902520261165,107.51672902626812,-1.3073874056032644,0.1041890822794401,-0.2083051025612586
90.06999032870209,107.14675745494536,112.67573587985174,0.3742014959198648,-0.049659154413333434,0.8726796073745108
81.33439462372908,112.66644593883842,100.01919062228643,-0.09617980845302501,0.27775979833396,0.29716638330018447
108.9205597284523,86.8316965413185,115.35447889093415,-0.7731665338324494,2.1736390348881534,1.1433657404401418
97.18588536056619,94.79830232342431,108.4797217559193,-0.3346772132406162,0.11518275362514478,-0.7216390454016095
109.38690688523405,86.74954583356616,110.03971091578254,-0.3448416530446988,0.6265361191532464,-1.7038719675303697
96.8565797493518,86.70231712985645,114.1740559405728,0.19601542918973158,-0.3688753836306151,-1.0750817841463112
78.09352566414786,118.6641216481188,104.2715823388548,0.9180072465492395,-0.09225485336085229,0.5880007573225432
111.3872122933987,87.50770407337174,108.24699219986806,-0.8208154885702194,0.29547346144552716,-1.2754788177732088
113.49858197846531,91.82989992134864,105.43080566206469,1.817684320348073,-0.27198503749128433,-0.5453809423873054
119.6978827862223,90.95134195917987,109.08326385481934,-2.6437447731356634,-0.4691316839598932,1.41890925181989
115.03303175952337,89.1376057539616,97.72849372415735,-0.21723410976850582,0.8809756419355362,0.2905404737394561
105.67025771594179,110.41255814803732,115.16942959230839,-0.3241987644805262,0.0534383013766852,-0.26556885815318004
88.71255679404658,97.80922419973287,88.47647114398978,0.3752060895004554,0.17735854559660727,-1.6871505304516414
119.87505540921654,100.79790208851529,84.34224935227982,0.8835391039523082,-0.6003550376608812,1.4858695369910837
116.52713525660401,108.15564721510299,112.83385581958908,-0.5476053935522913,-0.4766630579462488,-0.0698652357633119
89.23144749757809,94.9671802633943,110.87862997001966,0.5680439550277689,-0.08737916321695327,1.3066740837246973
105.97697309527616,104.47174075759997,108.74868650448836,-0.12783182119852537,2.5285266416792007,0.8531967810967513
100.64447109948378,81.51182354482556,112.71946225650619,-0.8402451675679838,0.015211021457447434,0.5673378075125275
102.7146947723024,84.01598979392207,93.99115553418272,-0.1575523622540432,-0.16024234016237693,-0.2164503509990795
68.8052445392959,127.47360925665689,96.27147785309455,1.7235266147098682,-0.07036316467129186,-0.1559821875076129
90.15184601592216,100.01910129001743,84.54917546027214,-0.026005261336151202,-0.8852806702467192,1.2532780613255
71.17356619452164,95.4686556098957,100.02012614643719,-0.050588762107934546,-0.13770240024736233,1.4153239291568294
71.55511490710552,109.19104275145268,103.22631868362988,0.8786783967092779,1.3962272275888246,1.3840800702828542
86.26111238088023,119.33377360541354,89.08702794967267,0.5210007020843606,-1.5939565063706371,-0.019220378537169465
93.45827434019995,111.09586489588001,58.57080041547864,1.9424465995358324,1.0128245349024325,1.0199736509389972
117.39353569659914,96.25181964712368,102.13024635825664,0.914061846419718,0.5655496832909993,1.3905045728870615
96.55657682661985,113.5265489835355,111.82613833820218,-0.7420083560601155,-0.7050557660084832,0.7443911317718379
114.41803146947301,93.51879391399932,101.48269014348087,-1.0766888120661056,-0.9142657125308921,-1.562944947913004
97.95251954801302,91.98581238307796,111.16041790546136,-0.5668720152801168,-0.029357789919405446,0.5048050654904362
76.2720655204847,118.81511352781905,123.27474299519966,0.87690281093292,-0.48606925253405114,-0.10175115037882411
109.6866754380416,104.7818616352269,45.3632690368901,1.179841067941078,-0.45574084253249914,-0.12097913871881877
129.1736762141192,81.72934944639117,101.2235624481439,0.5001924254978266,-0.6909960078671654,0.5820388029415952
99.06190380828579,91.63118549203693,120.63402076589828,-0.3227603794466919,-0.6344013306585049,0.10779789440252473
99.36640660913973,107.11593167203915,115.74916060910034,-2.320054045638253,0.5663219136112081,-0.8249560188643671
89.67451998672612,84.57204170494288,79.14651350852887,2.836113204796048,-0.30094777773911763,-0.8098731133048926
61.49810654567164,114.96286294716326,108.12592334979671,0.10254711697324262,0.41768832465999983,0.7140832189427622
102.46253218032767,83.53478167154938,85.95374404133663,-0.6956871901798929,0.37500628014347326,0.33134613014925357
95.97983705413463,88.56667315944536,105.95085661564173,1.2297366406478099,1.0868711719713207,-0.8283661210617395
86.76551997501457,83.89718187632407,108.3210921964447,-0.5586157393914695,-0.18214378530469272,0.628911671391811
93.4889691719675,88.63368819691436,65.78649878484272,0.3436370208455825,1.0881271286716128,0.2908355280647386
103.7737708522979,124.17260198752192,92.18622181478335,0.4589108490185716,-0.535365464377404,0.6474527837335374
102.29662743673875,115.81429845610447,113.36980377074175,-0.8724318159048113,2.0614151235867326,1.0237862972709246
95.57062155438918,85.4119233690686,108.1734879180164,1.1654548761570749,2.778237250572203,-1.5011008973192792
97.2580333318188,98.37578952615294,112.27648121510599,1.6984533880691914,0.5660613532237885,-0.8932661902631825
108.66808464545892,78.57501172478676,76.74870455245988,-1.0204783681011935,-0.6583137520175887,0.9533490039612166
61.49899513726592,130.44537130804656,110.53630699647391,0.17139175541474388,-0.3606717864587794,1.3601114967901737
105.01806281941032,108.11227628376263,107.08568269336018,-0.4064759963169122,-0.014250617449700773,-0.7232864718941994
111.78869820623329,96.66278019750665,93.27224964904975,0.6082740075435934,-0.6418050973023413,-0.016631096018542225
106.54311832332337,87.12241066505973,96.0483147897312,-0.9594774066148861,1.1424374677070679,0.31913314771334456
113.40571893122471,101.48777005310443,108.15448085810215,-1.3955600133657244,-0.6535960620009817,-0.8572355032028209
110.1914385662892,108.60350314048797,113.21727591788448,-0.7479766656022978,-0.8216825027466134,-0.4886174278407982
116.93924572181233,129.4320283267967,81.27522402933563,0.46045601094199523,0.15099944974699644,1.4792923405221354
79.21158886250745,82.64402958684107,106.3007192289106,-0.18588536654117213,-0.5981930942743188,0.8389283949362095
112.93484768530003,86.21693477754386,91.38438647707397,0.32989863036844097,-1.9532184938877242,1.6184281018564144
84.65160159762586,94.55196616592944,103.09894491745776,-0.0008750849470199961,-1.5013637616543551,-1.2064535402025287
102.94526643717096,89.60661618527996,103.21229093731453,0.46653215843662416,1.5921898782910113,-0.525806476811317
96.90891563985232,98.05549348906683,69.68833731512679,0.7560131095031123,0.9777612233532206,-0.7781060920413868
108.08726816242,140.86161069184732,97.9558723586365,0.5075698838349366,0.25007838434145846,-0.4742857165362188
104.83576307014756,127.12234665924726,113.91929595418529,-0.836555663712386,0.31689192922278525,-1.3610609308916484
106.27351528904325,102.55365568307332,112.38618597462191,1.0307039066593648,-0.7780664712487155,-0.564734949767573
98.62168935795025,126.61277302125477,117.48701311087245,-0.1314784743194898,-0.18409454316946441,1.3669107883824532
108.22779306169393,86.89031911880491,109.36496135800176,-0.9371511124446593,0.28472820000655846,0.375435725486432
89.96305287349816,91.69417109717915,66.10201285749812,-0.12398641492811988,-0.4496659924683557,-1.1264612930639721
81.20112114843154,80.69685547697802,111.87830624289168,0.5260023143048164,-0.1498545165713099,1.176819763016357
129.47613670408802,101.36634268213986,119.09100336946558,-1.685938642407811,-0.07578366153315061,0.5263145935450593
100.30132662540102,106.09755358533668,90.73568507563114,-0.6314557559063114,0.5506820446546615,-0.20794976759069334
90.7765866394563,108.52993850498909,83.09005988076416,-0.5216571934215669,0.198590123880193,0.29300489843505473
99.56762029984252,126.77048830372078,113.2403533866009,-0.819058185667205,0.5261146458356015,0.5728216763731958
101.04638847528591,103.96157822348361,115.54257726490967,-0.044136040850620784,0.8028877989146828,1.4171495192323806
95.77786844340656,90.8984874233839,107.14609459268908,-0.11922509897220061,0.2829822049119547,1.0634820058620673
66.50779083100375,82.9502167738144,100.25827381896524,-0.5214007458518451,0.5454764474901662,-1.0921281890761578
96.73234670661505,100.9584547358209,113.49781752518051,-1.9185489501470492,-0.10543217534509888,0.414401583364728
72.0299953191895,99.47842028230733,90.89079210595037,-0.01053474439168647,-0.13171288274299695,-1.1801919149992646
102.40717239079278,87.81706884589536,83.59965952851456,0.2820756312003837,-1.5705412815948037,0.7655837657486343
90.19945402455485,104.1249186583559,80.67056722756855,-0.24821852530380212,-0.5859894117772421,-0.25677580170663394
113.04802839315188,129.76031118670056,109.75743957089234,-1.510554598920363,-0.19464464320624036,-0.000955282992704543
98.32501885185667,117.03851804635549,108.81872340726002,-0.3507800645048231,-0.26058088223746656,1.3522581824652287
100.71708154497775,92.90506816533045,120.19941851131243,-0.6597336107764938,0.5496637382952779,1.6986213207603755
79.76749800626335,108.54675826292146,88.41278845844954,-1.4380030771350667,-0.09700487800449475,0.4484445977769109
114.99817598559747,102.0589384866604,121.74758067935566,-0.913611127172908,-0.477518651561189,0.23077112329015623
96.34890173990046,98.501674752244,110.9051987734304,-1.631394302857825,0.11242971944705936,0.06423178551228582
109.78632861972325,108.94270700890203,104.64272980315593,0.537653019690039,1.288331354559244,-0.9255770974405207
111.80940039637873,95.92240325997736,99.0009186858627,0.2870881989789957,0.40871692019969885,0.76939793495595
94.02496795475163,83.36653397406137,101.73036079632945,0.8535592384328715,1.9993184520971923,1.6725826457033313
91.13397122429237,93.55243256149635,105.45754201766394,0.24113834840311266,0.3917973325434953,-0.5897391102398282
94.27240190588248,120.83899193024439,113.45630799407206,-0.7790855636034195,0.7153004285290521,-1.7205326579982765
93.39025481438162,77.64064996292291,114.9954508277677,-1.0555245997933858,0.8384440051392308,0.41297630531559737
88.32747101015309,83.2042631881339,104.51809030832392,1.517590539051946,-0.07125290205222178,0.34995927670316684
103.94646376523721,117.94605173590509,109.9077375885918,0.2311946267081443,0.2465882574343731,-1.2152182266674292
125.24735194626294,91.5132495551454,86.52434225290754,-1.3112081893721785,0.9106109677174253,0.044117137061247313
114.58636008532243,118.47291095914213,90.42244102436105,1.444138889003653,-1.4803645524109887,-0.06564877706326719
137.35026726769627,74.55565820449198,89.13771762471053,0.35002748583800397,-0.1731320943126229,0.03233899253743605
106.32772934652,130.26239022379136,88.75110196703105,-1.556485527898467,0.19019800813850024,-1.3583015433170478
100.04280425277229,101.996497896526,96.6072788391839,-0.6911100636606438,0.2810861585428686,-1.2186521581356724
64.82046567324232,98.93147762815371,88.75296357267226,0.20744399534257457,-0.6441577128895594,-0.5137401287319753
109.20069090454302,132.33197263418282,115.42160313643714,1.900635497438473,0.10019655942386826,1.5761600069157138
96.16920475063958,92.01993716180584,82.35573645711132,0.46891498613215116,1.1583699056114176,0.798057529292095
109.41397599649548,79.17731331826252,70.7686434068591,0.5127354497968297,-1.0653877827965283,0.014008383272969993
108.4763396337849,128.30142715716931,116.44166747882173,0.25067009466742757,1.250465942084907,-1.011099104494258
102.86487044461693,92.1193671991343,103.45573785632502,-0.7365671196347149,0.48711410177466785,0.235217759102409
84.07106055147817,89.3563790492331,110.26748222464678,-0.49829149788146176,-0.3244277738153432,0.9753943709825929
94.51684223778189,86.35594908831327,102.88305026743639,-0.4376297861319203,-1.0098231287676636,0.7559930196359939
106.7878010754297,73.96268115513554,113.8860831219672,0.589333495308701,1.031056785550836,1.1353273004869153
69.80109649218305,100.44800989813712,81.9490462824862,0.08429888495454405,-0.43467334457217566,1.6184113308242176
117.22546831122227,94.92170906917474,107.55108296869678,0.272727435589626,-1.084110069588113,-1.717065706480101
90.1754533347681,112.93992297226718,110.98956727841303,0.44897420017665834,-0.08696378161665151,-0.9159090113480862
95.76141484109411,108.49820440807835,104.39859194326867,0.2988001380943613,-0.024560038809403304,1.2494815603712206
99.53635182064791,127.57491348247021,109.5858133363709,-0.10411633862732132,-4.511681863713737,-1.0987966215737213
102.57942898751834,83.56795618677583,97.29775315066064,0.02464261042921125,1.031766817725221,1.5852608571777294
113.91570358906782,117.79836736035351,64.56548411319119,-0.6678104229650277,0.13812352674330433,1.3648599400326176
99.47327715159338,96.13418321891061,96.86435276870334,-1.9341861022913114,-0.4404646414438066,-0.5130341723197849
83.03708952651793,93.91029994815412,112.19681688140997,-0.5518108588718101,0.9108448431300797,-0.9471256516250662
70.62818116931713,106.54427744062062,113.38480798111868,-0.6741414149633631,-0.5209804490603144,0.20380936249286732
94.80479563488807,104.57046858086176,51.72517484001519,0.4037758871773645,0.7920342052768375,-1.692574664928576
60.72580802706877,101.56415433010184,98.56687441759955,0.07664410786968169,-0.2052315469396898,-0.7824745401580245
83.7562366840053,116.33110140162643,112.60323797949137,-0.3924765403485515,0.36273961014517925,0.6719173564883167
110.33462004389945,86.31628781492033,84.51791357233611,-0.6403598300059463,0.12144799644249898,-0.44251868196043936
105.25125561221621,100.22322011826472,65.83007075841094,-0.24755467244967633,-0.12606627804654635,-0.8808605634675309
102.4688232915752,86.68504721830953,99.62456380683167,0.08929027479460684,-1.5188615633378273,0.3128593218129083
89.00198765657778,128.6269005212531,91.45558291279181,1.7259522174744888,-1.5796129869387772,-1.1193775162937585
97.48438392546383,100.5051802505127,97.51239641351341,1.139125375552061,-0.9427742093703215,-0.6436709099151345
83.40466900467703,105.00542805265493,106.2249480061458,0.15932214014206214,0.04729812402820191,-0.6822668398457381
84.11699759436755,95.28529224069388,104.35342457897777,-0.33244856334941214,0.06262553309167632,-1.4552645382997513
84.49222610697356,88.10338069950357,108.38828740170192,-0.05285434473011756,-0.8037566777786457,-0.1443078657365201
103.62972957246579,101.00342404452694,91.45348188388861,1.226653246091999,-0.10700559825372771,-0.14972621132452818
111.36272559862346,110.8702710735469,108.11589181396998,-1.1575315906539199,0.5949948553603703,-1.049827934270423
97.15501949843903,138.70519637917624,112.2877616883243,-1.3312735768148003,-2.072510176516727,-1.571735803548746
112.78508397985084,82.41650114034114,116.2848645977247,-1.6794181730036242,0.8476276518871492,1.5855355037991603
91.12466389297096,89.28321796912314,85.49958184926894,-0.6541782007677222,1.5384732292955547,-0.2792659802960234
81.27230995309542,88.24017330377495,56.38041611977583,-0.05170768335454461,-0.6721274165777562,0.819409761933361
116.18366024251732,91.53023800719797,102.3859810949193,0.31327274156448043,-0.8151270047036338,1.1675198582862016
86.25003025748347,137.75813386120768,79.4310167046671,-2.334293052216169,-0.9853811622148816,0.10694341720357858
122.08691316774402,79.19626872636947,81.90848677230156,0.5142036221188707,1.5909635210494566,0.16262937407916347
96.24108523452495,86.97234782447141,115.34088422696485,-0.23281870481665387,-0.30420488360565356,0.9389713959827454
81.87189261899118,92.5552909171359,86.83791755253267,-1.275328597756748,0.3827287497866951,1.5386509986818493
101.20095366216566,139.40628822723502,90.43464981135075,-2.309963034044621,-0.10407694284491979,-1.3523026075114652
110.14229303450357,98.41066535686568,93.8093958226217,1.4807060045686353,0.23354052782069418,1.6172911213604566
70.75295838980256,104.98218287435402,108.08407066144623,0.10901149155817139,0.14188389388624728,-0.04228410510829031
120.37930031941816,91.60586290204637,102.2091413006042,1.1971171439160264,0.14859239779213942,0.6815777311888327
90.62405694231408,92.42779189571048,66.2458142636714,0.33009036474176523,-0.2040615979095319,1.5706042155879725
113.66420126967947,89.3265643485003,97.1630008992267,-0.3891584677839518,0.29671825720495315,1.1155397964536335
112.47169326485286,108.2619117276182,96.67383181800486,-0.2642788570547302,-0.06086362505365347,0.08760796748331516
126.95312283525894,84.96819899697157,114.06952742262874,0.724169434273166,-0.48305384090413217,1.384915340352172
104.21084895631473,97.11574566370174,94.08598659421261,1.2039374038326844,0.9806937589332593,-0.5340177490034241
69.99730174696113,94.30224033630364,65.16817104887836,0.7071221864325594,-1.7053016614148606,-0.6533088332679714
111.21755680809956,95.7209583442004,71.80175663769364,0.822291405260923,0.9782211660832584,-1.1794551049756348
98.36614310198674,91.98367108245975,100.78255959329303,-0.8979637749203911,1.3403553512290296,1.365463857548105
132.89241354179111,97.3039304639662,119.21280114636954,0.38678837757997137,0.6063679570299909,-0.034389289753982526
103.48702574471761,84.28219117155466,111.75689635559561,2.2082698360533417,-0.14217290990680606,1.2016405684154865
111.54396088543375,88.54468736482248,117.60722539081888,2.6249752216422797,-0.43843537070568833,0.1428971454247974
108.95652814799664,87.36056965062369,73.58139975066887,-0.14384549068731434,0.4682102830709809,-0.02390027853970511
98.82794011787867,111.32490199891186,116.44973964204354,-0.1653503362856323,0.4688855225370277,-1.2007649709554609
102.87367143987497,88.3749160012922,111.55906384715799,0.46484182256061424,-0.588731828943372,-1.650492532201808
82.13840831660701,121.47745345163813,89.30505763974038,-0.6378502552813017,-0.2893384244402035,-1.669899703603085
73.11685205475355,109.68075745322757,114.70899762992659,-1.3379800375280884,0.9695355530619381,-1.6339420387136012
106.53356504201321,91.56883181443526,98.6841370084156,-0.06910817363180007,-0.19081437005691973,-0.9375746872253303
106.94432933545957,124.32258381749988,113.19186420581647,1.7087011735249151,0.03633493265489398,1.6832470441829324
108.09333760124281,87.71320393046231,88.57538359269273,-1.2967121563957182,0.2667794812693152,-1.5165042515330003
86.23056297808793,111.97518278896887,104.99074977758247,0.3488330050500005,0.6184211231398581,-0.45720430145908525
113.68977302590986,83.09152843219363,61.61208508146835,0.2895196774933371,-1.0168886741012106,-0.9453972390201341
111.44223075571784,85.24194929628915,104.432335485223,-0.018662386986905997,-1.182643868083618,0.8680028638276525
103.7770199715457,133.73063201611757,107.77797376245682,-0.4361967696483109,0.03968644300868193,0.5280580918272403
112.16892243164372,100.22883280146209,64.58008123736066,0.05960487152882303,-1.205731883766772,0.887899122227857
68.39622327199345,85.39101143730198,98.38077187903953,-0.5701907382872334,-0.1601548012513264,0.7187187636719199
105.09638697046692,108.40840223403386,109.00170011065146,0.4099028387515762,-0.5059599010028885,-1.0350800321265923
125.15301997409306,104.54755499044465,114.98345293428936,0.14286383837820904,-1.6611405936072068,0.7866694610297913
96.77252138483188,127.99806481049313,114.55336292466988,-0.5098126023502638,0.4450290388618501,-0.3679988337194915
87.28898437243204,89.88021896347792,117.96213172053277,-0.14534118922893305,0.20220947969539532,-0.5313106320209018
110.05633827873227,87.50646537295472,91.40844694710886,0.4631443715207453,-0.7605049647780946,-0.2026067097052799
83.31479157393936,116.55877927701239,107.71562131197874,-0.8156821553559629,0.02964678395579536,0.22702009863716793
113.37110205845806,87.3324314477007,101.53487951262977,0.08014848195220918,-0.3625548980156909,-1.7134115684900653
101.19771245443592,87.05863278675551,111.60105498921016,1.5766709121336986,1.2401353866002691,-0.13651577876389087
110.3380800444517,93.35999081406617,92.9089581420632,-0.2702969181677154,0.11541283789587774,1.25970638853748
105.23561708235434,94.3664464056955,100.62286927158495,-1.6007942218398654,-0.22183332195816463,1.3488980663170358
112.95095371471379,86.02596719997895,87.10847831367423,-0.7115943848513223,0.4612545939774077,1.1520042709554834
83.98190080420156,91.59650089447567,95.22705090146029,-0.6763023045186828,1.4965390079090468,-1.6025021209099823
123.56375243389984,86.25509180304637,92.51072893255441,1.3326229557903622,1.5654964257494788,-1.1883334418418587
121.25114374331213,93.31730030844857,80.41492116082905,-0.621622090096715,-0.4456773915521345,-0.5010144035380283
123.84160277171412,101.58403946151233,114.73033544505475,0.7153460912307502,-0.3800441838384857,-0.4250499527312453
138.654890560101,84.95821907503347,75.80503919587727,0.3461493472981658,0.1301402158220542,1.7289177948080867
87.95889543542239,89.86122001789535,95.09584933921803,-1.0202231485662872,1.579749895647128,-1.5616127500813393
106.33314079729696,98.24886744214011,117.57983366616574,-0.6525849596863078,-0.7605075786540682,-1.11646671929375
92.2165282898857,103.3301544009982,112.73752576106861,0.6815588653344167,1.0491249777965617,-0.7735597661139019
113.69798483316201,103.85228500313666,105.39301572421658,-0.8368023526717766,0.05960681376885352,1.4706104018049502
79.15829170616357,97.33849846104152,110.439118782697,0.13314676363635827,-0.886693092059281,-1.4788944037320173
103.78173588295185,116.53129310621026,107.23119381853866,-1.0627638472547773,0.1956632325394836,0.75239004669207
111.31980687370798,85.392180526581,108.59727723530547,-1.0436888547718208,-1.348479270028191,0.23004632409424583
103.61247782667441,110.46739813073636,115.85466857494734,1.0589718375929045,0.7505317341004866,-0.9171565133599897
128.0915412474495,118.37031470607269,116.74975410916488,0.25994544732209895,2.7887563120029535,1.1689541014824452
117.95944424846483,96.32263088795416,103.94623637117712,0.11815507173922696,-1.0674911060870909,0.29980721588398607
115.21204154152474,91.83730050186553,113.70611220219868,-1.132993037769068,1.6523333910557718,1.7309313224165317
84.61614768145446,91.07023755003857,118.19626576436185,0.40934701326612283,0.8943138603786783,-1.350332669487556
121.36684917218989,84.6576870544436,114.04819349789439,0.16023271070690262,-0.09548716131701306,-0.5900798120181556
82.90022218195881,95.6111154315699,92.69707962333378,-0.41829306331139043,-0.45651240844630436,0.9561125786065913
87.43584729086291,124.09358698550163,99.9913545878178,1.4804726968672972,-0.06640090494020243,0.9839161308022546
98.38725422792942,93.74452332359927,100.57337174727861,0.43374726514163364,1.3110123295028857,0.6891959012338613
104.39347919127547,83.66241751942236,113.83160320531763,-0.7582436703078191,-0.2791224122880931,1.5559325530350092
103.95628240151873,87.03457015100214,108.87393592052686,0.5416772272471592,-2.505761219288368,-1.3104738249812122
87.71917379631721,87.8577476110877,109.9496284345256,-1.6827260620240385,-0.34899300282043877,-0.6855125598865857
95.67807415933521,140.36757560649863,107.50698341300995,0.2613514343328878,1.2243507696065046,0.12310168748638525
83.38851989439311,83.6202538994342,115.5352201295054,-0.44843135582989285,2.3223625473521157,0.15664634811360303
99.51379912103435,148.3068887324663,104.83637349859752,0.6801440995256753,-0.08103544247655471,-1.3725192834556388
103.94761312308806,81.3773888986403,103.65280658410103,1.069609120026426,0.20302139333098781,-1.3359761134703512
96.16952197840426,101.95145084242132,115.93919220373282,0.38352649744741685,1.4120426239697363,0.7423178466110119
90.95627527261352,110.51940909257888,98.46327214457506,2.4599068000384197,-1.3478510722379475,-0.19311721456589842
95.83936200420372,89.68284101420723,113.90763742064846,0.6168358382162711,0.8721213168973263,0.8787288954665169
122.70084734358844,115.13351631675692,100.19478136067467,1.2087759265007005,2.1294704958728747,-1.2947015127405443
98.08728529228253,89.7204755689349,80.46928591472839,-0.7160585858322525,-1.5930958905207315,1.3499847981555348
114.04939522995682,99.56292055167711,106.778178371322,1.5118082553918273,-0.7213892340727437,0.6304085640366673
116.95098581282859,88.90550904228172,104.69367777580881,-0.2023450407857687,-0.5000142715479431,1.4088200324962643
98.167189757036,81.70951732542194,116.33972426529775,-0.27224686675537757,0.20090895290002486,0.0035275885036063787
96.14996714202329,95.95057019464005,92.72759644543508,1.6096474589765843,-2.4222172686571177,1.4553430362368571
103.30530709083583,83.63182232220414,116.09178745515841,0.6508538540909964,-1.9775687724201603,-1.1315919025420915
107.17629656030333,90.56553429296379,112.25192963049882,-0.09328424464083192,0.8968759154157764,1.585349674331545
123.44598539660858,94.51937468724032,84.21808821556033,-0.1868922674366653,-0.8792618609087615,0.8328316008772967
100.36035405774582,85.75762512556979,110.41336501940978,0.380695968080066,0.6919134148326694,-0.21875905677736152
110.09886885251055,103.38179233345154,79.79424735908171,0.3767240540293091,0.2854097548271126,-1.1898362712484256
91.11799131272643,110.32424444193973,116.44647936664128,0.9057232374808327,-0.2433673967914158,-0.3975604418847668
100.68224384435875,89.57817729456058,77.64401642207703,-1.4682958067927512,-2.0328553988370768,-0.8610062480418158
101.73456418541278,103.10769957559604,98.41841611299454,-1.1190935114230933,-0.229840405535796,0.593803890038437
114.73658832510549,86.90883273913103,98.5745603323176,-2.000747730249877,-0.8657475212887138,-1.4442338666243413
89.29989864950501,96.71386638646834,117.77986211264678,-0.7476380399925038,-0.3715086553510125,-0.5523047164439963
82.52381126773679,91.26142035300401,114.82798234327512,-1.3530129160347906,-0.23123659850690997,1.4237077132120894
107.61011231234822,114.9982165775861,107.97131401459689,0.7908718008938546,0.45717847270258044,1.1132900404666515
92.662437240594,109.06958319792862,109.4202039449464,1.0036419283906162,0.4053156863391298,0.2752348801048294
109.86975961729968,83.02123740512411,96.48648312206389,-1.8404580721340287,0.1038710292190665,-1.0723160224178658
74.50678035628064,95.53105485099417,116.15194313074838,-1.1658111936104987,0.06350199151471579,1.4546097524012758
109.46193719744362,81.84380475684604,97.01653984183065,-1.9175811174121673,1.0964465716686664,-0.11303630488945682
112.59967142849591,104.24489982200113,111.70990272060334,0.7882282946958111,-0.07375056628183459,-0.3257338689339518
93.19048720076924,88.15767843561375,110.47576770345957,0.3434662598821334,-0.18853615867376683,-1.0194233182559174
98.71093879001565,104.24982410648892,107.44375080393269,-1.1092917884970757,0.07303033956223248,1.0526059344934822
80.77517672721785,87.19861395304923,100.58679562467024,-0.13001981672341623,-0.07712623923170284,-0.2056659164873746
107.19820479278272,83.59619150920228,107.23517810034416,-0.04269854036191909,-0.06948375151352087,-0.9088673576693468
110.21523066645628,99.86930363644139,109.74701478064006,-0.518344214540101,-0.11021704668160064,0.11716121137300539
102.4104183725389,116.26909529728948,112.71919716845146,-1.0791536372709365,-0.11065682974645494,-0.27922935060692927
120.18710775217252,108.71351357562952,114.6421915724372,1.4781849064371098,0.4167417531134352,-1.1254048200822975
117.63621429534858,130.7752918686854,116.15232993275988,-0.8108862554106396,0.6288916090265146,1.5321733791325658
99.99146663954602,94.88040646081637,100.31168604490743,0.7319135485374721,0.3017732823095553,-0.47854537187638807
96.02060430914301,106.43862262093202,94.35581436202973,0.5417286029815157,0.2721490930861271,-0.8262076305491856
95.22877063212178,113.50572120223528,109.71724901144347,1.0114493026365188,-0.13207997296455573,-0.7001174413687046
93.60739550218828,96.44003520597033,100.46298688448279,-2.223050369001577,-0.5186647152816977,1.1121182592174208
106.683076284613,86.98657259058629,79.67346850873618,1.1207657422762687,1.2483243065423244,-1.6952251661788402
106.99609574780399,112.42033366557082,107.51879059861162,0.09464711342179591,-0.2194000786917247,0.6612469081470663
88.46343783093111,106.43285394439168,116.36146013712198,0.5693929699869247,-3.576637043083157,-1.1890261380258078
112.60885803841776,87.44826597772649,88.57317008318545,1.3870925646351298,-0.2459693538863967,-0.755444887279188
110.08121840465711,95.17364809013384,103.14296452272319,-1.3582584413146201,-0.6097162850326481,0.8891949276198201
75.75023108111277,96.44160095996978,72.0519493267038,-0.6538149444399566,-0.35217482046531473,1.6928234222876197
75.29601010386604,115.52970446538919,52.60786085949428,-0.3601350328833206,0.10028314522680988,-1.0877646037362874
94.92484843787045,99.51294552548498,109.18363115855033,-0.22042442534700618,0.083309997505551,-1.0141980514629114
110.57479776984549,83.54426064802804,105.58466042840328,-0.02543845996510343,0.6639303813045405,1.040211861872335
74.82255275893756,91.59907832680486,106.52533219060774,0.4161439278803445,0.05554580583055201,-0.2376801312583405
109.18354214811984,93.83154945885379,109.31103624899205,0.8097398693189849,0.7665030273652967,0.49829115587806433
97.9521611571867,87.71218362506406,71.54526025969801,0.5211466280209857,0.42500846312475293,-1.4961650021710962
132.6226726206627,93.70920801206455,49.05555005547734,-0.09421580545287707,-0.1783197770306294,-0.5774778251549341
124.84745742184388,96.1885706721569,101.21469772281468,-1.1354600920050268,3.298075710289323,-0.47949246103181986
91.24343031976251,90.54485110726182,80.06049042637352,-0.8749449997622918,-0.6535473987664988,0.24508887296750256
132.53966394501242,132.14351317679507,111.23169075337867,-0.945528212585607,3.4538178000938276,-1.1291615086196365
110.32263366978523,94.93615524524724,94.33879371943486,1.4743781315585318,-0.4598543239907943,-1.1311762332553255
99.3939436554692,89.66387452678771,90.58025056850558,-2.2280059591005346,1.9939519120454763,0.05097594350379703
114.84064595782961,128.37586182645722,97.23290962430568,0.8276398542732168,0.025243334543967242,-1.159680576671106
91.50394995873354,98.32538713875343,73.39768374087481,1.2208757988452315,1.5027577831648133,0.42875234962068576
93.55123506511643,133.07858525169416,108.30696445792135,-2.1918711435464897,1.2068511158081163,0.7560609757830578
95.34628503470233,105.46186721382063,108.83911346634872,0.8349750801532498,-0.10299793312654908,1.575726529184484
75.3711120311039,107.35877510745821,117.02646611003487,0.7625756109828555,-0.10370101993930549,-1.3106660630984965
94.03443440382331,101.05855562696347,79.72121599508061,0.4065192901711069,0.1597473401775212,-0.7799731467668989
104.66225531496679,93.67525125734765,91.69760075940744,0.90554888191569,0.5706978598126814,1.4684889281247904
105.32484245433105,87.35046937516513,74.45409845619439,-0.6490091711640584,-0.03581484170841957,-0.9040799053898245
92.45914292176832,98.43409849868728,69.16903926469911,1.3485934461952225,1.4510257045624138,-0.8604874194222587
111.3363943056403,93.93953482221468,84.63254131682714,0.07111724438512637,0.03108859311038961,1.0304434706415708
88.00734257548048,90.46402351442984,103.48051654735674,0.7179894744799412,-0.15261968019160202,0.4579449499727492
90.69295649325393,93.8148339775255,95.1286701765608,-0.8138732767702498,-0.9164294642004811,0.5781073463613189
92.23645724371696,77.31685949954505,49.88282562222912,1.4334455346854025,-1.2323204995556671,1.1043435154882564
130.9865649046322,84.32701349044007,108.19457276509732,-1.6946569940257714,-0.10450530104277879,0.08766035012825249
99.4509220631161,114.07830043910334,86.59669496334635,0.9249750434741578,0.0006095612007831216,1.4910186236327765
115.22239232508203,122.69736017959613,104.47144324213617,-0.176827576990264,-0.9020774635810053,0.011318160499770281
86.66767346118547,115.99724498365708,105.5806771696662,0.8394055141551744,-1.2326526520071341,1.2440717875962508
102.49948021278142,80.6612076959757,107.06697284491068,0.9554821364442222,-1.5399812098170849,1.5904559347178062
97.93108396017914,101.71604750210776,70.2591133107819,-0.4754693316272053,-0.3869116612664249,-1.4198930183933516
94.02139506551586,97.0831133623128,90.80159241249831,-0.40199479725610815,0.08987305225573193,-1.0708623114883156
90.4201767707356,78.07184458468713,115.55872927208142,1.4388050098041714,-1.8736050508513253,1.0986387145482
68.8968412588143,102.10276594168339,117.55454444091171,0.6645072614966807,-0.6928724340451651,-0.6068445185838338
96.9494471782247,109.64184350859286,87.50898337830762,-1.5821046019724354,0.5067039607006064,0.5023510126781406
100.53377741827654,83.42166631638678,74.29313924821807,0.3967832328531125,2.1011708562365516,0.14854669897437517
90.04377679130295,83.64006108759042,111.37133011782532,-0.24563407183948893,-1.067687833050149,-0.3229548640737392
105.70136791163671,117.9541847813044,94.0262069518937,0.5172437922816314,-0.13755210314924513,-1.7041673254232164
101.47236417399277,99.11934120866913,80.04677383362656,0.3556842097428999,0.28602801648628484,1.3728900163689675
91.65450285200214,92.60178425467949,113.6002987571676,1.6133067651116089,0.1238489738304942,-1.0381108497792617
106.87062645620298,89.07316279577516,119.21972191964082,-0.5859535691825187,0.19090504628740115,-1.5241033432251239
86.26530503221801,143.38753182970282,124.22383578070767,-0.6429825984326525,-0.4000606065546636,1.6793350544408097
156.42070159492704,104.45020181633144,108.72657492592315,0.5423999680908783,-2.4756696512714402,-0.08902504890961895
108.8915284952655,86.42367693551125,98.2011556230061,-0.9930049198627603,-0.280782991835214,-0.8060867992734372
116.22775657423759,119.64148042632846,102.03146423593145,0.9611138354212552,-0.00834617366137966,0.432907892734424
103.20999874500723,106.66105495269935,98.06181554138675,-1.0564195344753455,0.6559077168069103,1.543960631531258
114.85629797319184,123.60541108341161,105.07821964374311,-2.0400465924561444,-3.584895144040274,-1.3777924768999887
117.90679572009152,81.44820028523142,92.07756531107258,1.1898515390311102,0.291643852405697,1.0585451324358532
89.37873314809073,85.49987393401848,115.30716892532271,0.8868637259797832,0.7660068881638784,0.3412387661467155
89.83356980162418,107.60389661637272,97.68209037574438,1.8894466491202977,0.6195762525250729,-0.5256668911960604
112.52888101349296,86.8959486554385,91.48344723771967,0.08040031131193898,-0.015434251092833718,1.7031041778263896
91.23985012543241,85.62482652918803,95.48679520105344,0.7043686823033959,-0.5409613024648425,-0.19137688881376844
84.83451214719112,101.19026139493492,76.7528245416923,1.5958382791087797,-1.148818910167042,1.6180333603850336
102.92770946486088,111.79551163843057,109.54131646766866,1.634188973338889,-0.6142500040558511,0.349513508341273
122.52053807639334,89.02677950707614,77.11808190370726,-0.362924402449142,-1.3119020143546845,-0.6350347029134137
78.11395669139273,123.11572946589912,99.8717607949253,2.108561627176657,0.5284599756996148,-0.6847965178637789
111.67633455540391,100.68377527343196,111.79610526460542,-0.8180033312114287,-0.5438035716335015,0.7685589551462183
98.24562180426607,89.19343365886859,101.74082999211322,0.9771669070588599,0.22983824251905727,-0.25388333821780745
110.91106997423914,101.14511114757822,106.34204189681546,-1.8493601623184437,-0.37237640415473705,-0.593192410566129
125.14195076770324,107.94375272648155,86.11869513471335,1.0067524895057285,-3.4777379505152264,1.253861357660866
87.24054143833206,90.3966197345742,109.81788416806674,-0.18622517911625922,-0.35281005833260914,0.7840007858733739
101.83558172455538,81.85456612977563,84.30764828690548,-0.7388221362324736,0.028832573540179877,1.6630975529474727
92.74080629135047,112.0395293418311,110.58241806515434,0.8926267737628762,0.03027091496996072,1.341675129344229
106.68009153833397,104.57341772224284,94.19623398889202,-1.2010980561096862,2.9450593526671462,-0.21328826925954586
102.03394920106511,101.65261788516577,89.79687054600471,-0.9701927623421794,-0.6688438431788111,-0.8020916161940193
128.65647915879708,86.27138277758482,96.10333417618362,-0.923002451398571,-0.4000110279165765,0.7663043254122327
83.88032025418958,94.5675041024388,110.75767158085407,0.5687929149219723,0.13073990285277848,-1.4256803282469508
106.97714642082761,110.78187371055714,89.30849616593635,-0.6650198582743169,0.8468472733533093,1.5727204602714335
83.87022573304577,119.36595579512951,118.50543673277119,-0.7157147470693217,0.28143098241716674,-0.2987002587362276
117.75085204233793,112.18008984029247,117.11727897140634,0.005897568079700723,-0.8706723577145498,-1.102603162669433
89.8390336573957,94.41651152579799,92.80035348946603,-0.6154995017544598,-0.2817905153754586,1.5264520407113862
97.8571198332744,97.08911417560782,73.05112882043595,0.3471389244164038,0.45110822880233836,-0.616380216598433
103.7065618552408,106.45418447672544,111.78881247056881,-0.3200358767292639,0.5967551969364889,0.6855945912878462
105.1074175937249,111.13020980794084,64.72764395365525,-0.34265857288574353,-3.5036490869223025,-0.7060049164550231
85.02554445217476,83.71302169840524,83.1982542741682,0.47718199354520946,-0.24599391889106517,-1.426454681366369
106.4771910344413,92.93374147014988,116.8674555181046,-0.1951010941036614,0.10663682322330255,0.5473405359058536
103.49159675243861,105.14336761853058,116.16898336885991,-0.03890943956404141,1.3145196134910198,0.47234256063636226
107.31723946082118,93.39618886579314,108.98587359495991,1.6583140380372707,-0.940066600013431,-1.6352548845480772
90.20813705325033,119.02283407792109,114.04257120334405,-0.10190166299310434,-0.2959444049922416,-0.8350406186222824
121.8731869038073,81.50098277172411,83.52564489542455,1.7366175332103528,-0.18103781050858173,-1.5758124488753806
100.0297870197988,106.79885130550268,78.82698564629787,1.727923740896762,0.8328299789478368,-0.4197228575398941
101.01927427827184,82.44451928207727,96.65631668526771,0.8255128790121744,-1.1232030542554692,-0.6770932177981382
112.1316270895144,114.74595006383095,97.00566633574759,-0.24958583678794488,0.411650733146347,-0.3804845773290607
110.26405597457321,95.04683668373565,82.45722078250525,-0.5226137138147482,-0.05446886884567481,-1.2624709399332497
110.00999667373195,127.83327269711307,90.47522694663003,0.1623302256591214,-0.36967666911510677,-0.7372498138170763
61.10547668739005,97.41018914595442,102.79431627752223,1.4481454325133738,-0.17452116789479002,-0.24285458010444727
101.18231421043124,90.17805057677738,116.17009443750707,-0.33853019337542495,0.19103636785845698,-0.2561840303670496
112.98800737505834,97.56285388204995,112.0402240011685,2.073719514442557,1.2797313600769495,0.4441786549987911
103.88848312633915,95.36302326796044,79.16789210032181,0.6901619366208537,-0.7867028964686605,-0.16681692277976684
82.15119660225434,164.57962761823183,115.94753476086107,-1.0563707916096479,-1.229586149451756,-0.6058981919274509
96.59127835082765,93.47623842909515,121.50672784478324,0.40991125765099606,0.05349965375314455,-1.389499336654106
110.93911810577609,100.40304888684598,120.96688953570413,-1.890124469362852,-0.07403546956217447,0.8541910438432836
111.74629692205527,101.25327438815542,109.00162162094475,0.523320414954664,2.344281097563475,-0.18190907188912483
99.65924254398875,140.67357439991605,92.49639684782372,0.16155180391147606,0.0975012538769547,-1.6574677732824
108.97893648957944,79.64863421729495,107.57228860786458,1.6198140126742502,1.4747205338292682,-0.24917685892690886
112.46426200637326,122.01135854505932,80.77042064482103,-1.4407103158087846,0.020129414146660817,1.32991792803094
113.04974872137903,80.32846323308736,92.1003843686179,-0.6178992723624436,0.2659145729193113,-0.20818878174588937
92.56888350415595,95.03666497274102,89.65032036656652,-2.061261011244097,-0.05797565554140286,0.9995565394993096
115.58613098891351,97.67325767581531,115.57632559592798,-0.25268559842148514,-0.7972319380408112,0.44478895348992453
134.45622227432568,105.70057687531921,91.51053596005353,-2.578283906984974,-0.1851612075842515,1.1511700307829182
103.05692403773155,116.19605960076694,80.0852405728191,-0.393315504091335,-1.1959012449126347,-0.4329177327286816
125.08332741667198,83.19400585490153,103.58670483642948,-0.12812870303862842,-0.08745442728229762,0.5429071962396822
98.58275279789683,110.24674664363212,114.0339330562783,0.13711576017544835,0.8536276454489419,0.19811472105089123
80.71261828363077,79.8437370253937,83.07566838372742,0.3931316420369519,-1.062858523012913,-1.4604754268307003
82.73938439453724,106.56850740034807,118.05716182512727,1.827504369303287,0.4523819592580707,1.3486228799984763
97.61609600291877,94.31967223436523,102.00530083471409,-0.9980933436258094,-0.15594775613047404,-0.49037825528025736
98.35551137961947,114.8428968644517,107.91468012949251,1.5165709025957432,0.7428064228927832,-1.7097380782362037
115.35145246307685,87.57632193953164,99.21585874154071,1.9355912148350798,2.0781748768379944,1.592853202232865
